# Blender 4.0.2
# www.blender.org
mtllib TowTractor_Chassis.mtl
o Chassis
v -130.541687 31.585213 -25.050831
v -147.541672 114.328430 -65.115677
v -147.541672 20.874222 -65.115677
v 147.458252 114.328430 -65.115692
v 147.458252 20.874222 -65.115692
v 4.458292 114.328430 -0.115700
v 4.458292 20.874222 -0.115700
v 4.458290 20.874222 -65.115685
v 4.458290 114.328430 -65.115685
v -147.541672 20.874222 -0.115694
v 147.458252 114.328430 -0.115707
v 147.458252 20.874222 -0.115707
v -147.541672 114.328430 -0.115694
v 120.059319 20.874222 -65.115692
v 120.059319 114.328430 -65.115692
v 120.059319 20.874222 -0.115705
v 119.397942 194.526779 -0.115705
v 140.139359 114.328430 -65.115692
v 140.139359 20.874222 -0.115706
v 138.876465 119.897346 -0.115706
v 140.139359 20.874222 -65.115692
v 4.458292 202.874207 -0.115700
v 4.458290 202.874207 -65.115685
v 120.059319 202.874207 -65.115692
v 121.827370 195.077713 -0.115705
v -40.541698 31.585213 -25.050835
v -42.075035 43.232071 -25.050835
v -46.570553 54.085205 -25.050835
v -53.721889 63.405003 -25.050835
v -63.041695 70.556335 -25.050835
v -73.894836 75.051865 -25.050833
v -85.541695 76.585205 -25.050833
v -97.188553 75.051865 -25.050833
v -108.041695 70.556335 -25.050833
v -117.361496 63.405003 -25.050831
v -124.512833 54.085205 -25.050831
v -129.008347 43.232071 -25.050831
v 20.327740 26.372124 -25.015238
v 90.327721 26.372124 -25.015242
v 89.135117 35.430786 -25.015242
v 85.638611 43.872124 -25.015242
v 80.076454 51.120857 -25.015242
v 72.827728 56.683006 -25.015242
v 64.386398 60.179516 -25.015240
v 55.327724 61.372124 -25.015240
v 46.269081 60.179516 -25.015240
v 37.827732 56.683006 -25.015240
v 30.579002 51.120857 -25.015240
v 25.016855 43.872124 -25.015240
v 21.520330 35.430786 -25.015238
v -41.951828 20.874222 -65.115685
v -129.131561 20.874222 -65.115677
v -129.131561 20.874222 -25.050831
v -41.951824 20.874222 -25.050835
v -73.894836 75.051865 -65.115685
v -97.188553 75.051865 -65.115677
v -85.541695 76.585205 -65.115685
v -124.512833 54.085205 -65.115677
v -117.361496 63.405003 -65.115677
v -130.541687 31.585213 -65.115677
v -129.008347 43.232071 -65.115677
v -108.041695 70.556335 -65.115677
v -40.541702 31.585213 -65.115685
v -42.075039 43.232071 -65.115685
v -46.570557 54.085205 -65.115685
v -53.721893 63.405003 -65.115685
v -63.041698 70.556335 -65.115685
v 37.827728 56.683006 -65.115685
v 46.269077 60.179516 -65.115685
v 25.016855 43.872124 -65.115685
v 21.520330 35.430786 -65.115685
v 30.579002 51.120857 -65.115685
v 89.603897 20.874222 -65.115692
v 90.327721 26.372124 -65.115692
v 89.135117 35.430786 -65.115692
v 85.638611 43.872124 -65.115685
v 80.076454 51.120857 -65.115685
v 72.827728 56.683006 -65.115685
v 64.386398 60.179516 -65.115685
v 20.327740 26.372124 -65.115685
v 21.051550 20.874222 -65.115685
v 55.327721 61.372124 -65.115685
v 21.051550 20.874222 -25.015238
v 89.603897 20.874222 -25.015242
v 120.059319 117.403152 -65.115692
v 120.059319 165.196289 -65.115692
v 130.102829 121.228096 -65.115692
v 127.465958 117.409142 -65.115692
v 106.734467 198.061768 -65.115692
v 113.735893 192.878906 -65.115692
v 14.897766 117.318199 -65.115685
v 10.987881 118.863976 -65.115685
v 10.987877 198.607330 -65.115685
v 105.643349 198.607330 -65.115692
v 120.059319 117.403152 -63.835915
v 120.059319 165.196289 -63.835915
v 130.102829 121.228096 -63.835915
v 127.465958 117.409142 -63.835915
v 106.734467 198.061768 -63.835915
v 113.735893 192.878906 -63.835915
v 14.897766 117.318199 -63.835911
v 10.987881 118.863976 -63.835911
v 10.987877 198.607330 -63.835911
v 105.643349 198.607330 -63.835915
v 136.741989 98.785164 -70.255432
v 136.741989 129.010803 -70.255432
v 127.731888 98.785164 -70.255432
v 127.731888 129.010803 -70.255432
v 136.741989 98.785164 -85.818199
v 136.741989 129.010803 -85.818199
v 127.731888 98.785164 -85.818199
v 127.731888 129.010803 -85.818199
v 130.588562 108.368301 -65.148949
v 133.885300 108.368301 -65.148949
v 133.885300 119.427650 -65.148949
v 130.588562 119.427650 -65.148949
v -147.406799 47.495186 5.266881
v -147.406799 42.860176 5.266881
v -159.572052 47.495186 5.266881
v -159.572052 42.860176 5.266881
v -147.406799 47.495186 -5.498269
v -147.406799 42.860176 -5.498269
v -159.572052 47.495186 -5.498268
v -159.572052 42.860176 -5.498268
v 49.782887 27.247513 44.884293
v 49.782879 27.247505 -45.115700
v 49.878960 26.272064 44.884293
v 49.878952 26.272057 -45.115700
v 50.163490 25.334099 44.884293
v 50.163483 25.334091 -45.115700
v 50.625542 24.469658 44.884293
v 50.625534 24.469658 -45.115700
v 51.247353 23.711983 44.884293
v 51.247345 23.711975 -45.115700
v 52.005035 23.090157 44.884293
v 52.005028 23.090157 -45.115700
v 52.869469 22.628113 44.884293
v 52.869461 22.628113 -45.115700
v 53.807434 22.343590 44.884293
v 53.807426 22.343582 -45.115700
v 54.782887 22.247505 44.884293
v 54.782879 22.247505 -45.115700
v 55.758339 22.343590 44.884293
v 55.758331 22.343582 -45.115700
v 56.696304 22.628113 44.884293
v 56.696297 22.628113 -45.115700
v 57.560738 23.090157 44.884293
v 57.560730 23.090157 -45.115700
v 58.318420 23.711983 44.884293
v 58.318413 23.711975 -45.115700
v 58.940231 24.469658 44.884293
v 58.940224 24.469658 -45.115700
v 59.402283 25.334099 44.884293
v 59.402275 25.334091 -45.115700
v 59.686813 26.272064 44.884293
v 59.686806 26.272057 -45.115700
v 59.782883 27.247513 44.884293
v 59.782883 27.247505 -45.115700
v 59.686813 28.222961 44.884293
v 59.686806 28.222961 -45.115700
v 59.402283 29.160927 44.884293
v 59.402275 29.160927 -45.115700
v 58.940231 30.025360 44.884293
v 58.940224 30.025360 -45.115700
v 58.318420 30.783043 44.884293
v 58.318413 30.783043 -45.115700
v 57.560738 31.404861 44.884293
v 57.560730 31.404854 -45.115700
v 56.696304 31.866913 44.884293
v 56.696297 31.866913 -45.115700
v 55.758339 32.151436 44.884293
v 55.758331 32.151436 -45.115700
v 54.782887 32.247513 44.884293
v 54.782879 32.247505 -45.115700
v 53.807434 32.151436 44.884293
v 53.807426 32.151436 -45.115700
v 52.869469 31.866913 44.884293
v 52.869461 31.866913 -45.115700
v 52.005035 31.404861 44.884293
v 52.005028 31.404854 -45.115700
v 51.247353 30.783043 44.884293
v 51.247345 30.783043 -45.115700
v 50.625542 30.025360 44.884293
v 50.625534 30.025360 -45.115700
v 50.163490 29.160927 44.884293
v 50.163483 29.160927 -45.115700
v 49.878960 28.222961 44.884293
v 49.878952 28.222961 -45.115700
v -90.025650 33.193222 44.884300
v -90.025650 33.193222 -45.115692
v -89.929581 32.217773 44.884300
v -89.929581 32.217773 -45.115692
v -89.645050 31.279808 44.884300
v -89.645050 31.279808 -45.115692
v -89.182999 30.415375 44.884300
v -89.182999 30.415375 -45.115692
v -88.561188 29.657692 44.884300
v -88.561188 29.657684 -45.115692
v -87.803497 29.035873 44.884300
v -87.803497 29.035873 -45.115692
v -86.939064 28.573830 44.884300
v -86.939064 28.573830 -45.115692
v -86.001106 28.289299 44.884300
v -86.001106 28.289291 -45.115692
v -85.025650 28.193222 44.884300
v -85.025650 28.193222 -45.115692
v -84.050201 28.289299 44.884300
v -84.050201 28.289291 -45.115692
v -83.112244 28.573830 44.884300
v -83.112244 28.573830 -45.115692
v -82.247803 29.035873 44.884300
v -82.247803 29.035873 -45.115692
v -81.490120 29.657692 44.884300
v -81.490120 29.657684 -45.115692
v -80.868309 30.415375 44.884300
v -80.868309 30.415375 -45.115692
v -80.406258 31.279808 44.884300
v -80.406258 31.279808 -45.115692
v -80.121727 32.217773 44.884300
v -80.121727 32.217773 -45.115692
v -80.025650 33.193222 44.884300
v -80.025650 33.193222 -45.115692
v -80.121727 34.168678 44.884300
v -80.121727 34.168678 -45.115692
v -80.406258 35.106644 44.884300
v -80.406258 35.106644 -45.115692
v -80.868309 35.971077 44.884300
v -80.868309 35.971077 -45.115692
v -81.490120 36.728760 44.884300
v -81.490120 36.728752 -45.115692
v -82.247803 37.350571 44.884300
v -82.247803 37.350571 -45.115692
v -83.112244 37.812622 44.884300
v -83.112244 37.812622 -45.115692
v -84.050201 38.097153 44.884300
v -84.050201 38.097145 -45.115692
v -85.025650 38.193222 44.884300
v -85.025650 38.193222 -45.115692
v -86.001106 38.097153 44.884300
v -86.001106 38.097145 -45.115692
v -86.939064 37.812622 44.884300
v -86.939064 37.812622 -45.115692
v -87.803497 37.350571 44.884300
v -87.803497 37.350571 -45.115692
v -88.561188 36.728760 44.884300
v -88.561188 36.728752 -45.115692
v -89.182999 35.971077 44.884300
v -89.182999 35.971077 -45.115692
v -89.645050 35.106644 44.884300
v -89.645050 35.106644 -45.115692
v -89.929581 34.168678 44.884300
v -89.929581 34.168678 -45.115692
v -130.541687 31.585213 24.819443
v -147.541672 114.328430 64.884293
v -147.541672 20.874222 64.884293
v 147.458252 114.328430 64.884277
v 147.458252 20.874222 64.884277
v 4.458296 20.874222 64.884285
v 4.458296 114.328430 64.884285
v 120.059319 20.874222 64.884277
v 120.059319 114.328430 64.884277
v 140.139359 114.328430 64.884277
v 140.139359 20.874222 64.884277
v 4.458296 202.874207 64.884285
v 120.059319 202.874207 64.884277
v -40.541698 31.585213 24.819439
v -42.075035 43.232071 24.819439
v -46.570553 54.085205 24.819439
v -53.721889 63.405003 24.819439
v -63.041695 70.556335 24.819439
v -73.894836 75.051865 24.819441
v -85.541695 76.585205 24.819441
v -97.188553 75.051865 24.819441
v -108.041695 70.556335 24.819441
v -117.361496 63.405003 24.819443
v -124.512833 54.085205 24.819443
v -129.008347 43.232071 24.819443
v 20.327744 26.372124 24.783838
v 90.327721 26.372124 24.783834
v 89.135117 35.430786 24.783834
v 85.638611 43.872124 24.783834
v 80.076454 51.120857 24.783834
v 72.827728 56.683006 24.783834
v 64.386398 60.179516 24.783836
v 55.327724 61.372124 24.783836
v 46.269081 60.179516 24.783836
v 37.827732 56.683006 24.783836
v 30.579002 51.120857 24.783836
v 25.016859 43.872124 24.783836
v 21.520334 35.430786 24.783838
v -41.951820 20.874222 64.884285
v -129.131561 20.874222 64.884293
v -129.131561 20.874222 24.819443
v -41.951824 20.874222 24.819439
v -73.894836 75.051865 64.884285
v -97.188553 75.051865 64.884293
v -85.541695 76.585205 64.884285
v -124.512833 54.085205 64.884293
v -117.361496 63.405003 64.884293
v -130.541687 31.585213 64.884293
v -129.008347 43.232071 64.884293
v -108.041695 70.556335 64.884293
v -40.541695 31.585213 64.884285
v -42.075031 43.232071 64.884285
v -46.570549 54.085205 64.884285
v -53.721886 63.405003 64.884285
v -63.041691 70.556335 64.884285
v 37.827736 56.683006 64.884285
v 46.269085 60.179516 64.884285
v 25.016859 43.872124 64.884285
v 21.520334 35.430786 64.884285
v 30.579002 51.120857 64.884285
v 89.603897 20.874222 64.884277
v 90.327721 26.372124 64.884277
v 89.135117 35.430786 64.884277
v 85.638611 43.872124 64.884285
v 80.076454 51.120857 64.884285
v 72.827728 56.683006 64.884285
v 64.386398 60.179516 64.884285
v 20.327744 26.372124 64.884285
v 21.051554 20.874222 64.884285
v 55.327728 61.372124 64.884285
v 21.051554 20.874222 24.783838
v 89.603897 20.874222 24.783834
v 120.059319 117.403152 64.884277
v 120.059319 165.196289 64.884277
v 130.102829 121.228096 64.884277
v 127.465958 117.409142 64.884277
v 106.734467 198.061768 64.884277
v 113.735893 192.878906 64.884277
v 14.897774 117.318199 64.884285
v 10.987885 118.863976 64.884285
v 10.987881 198.607330 64.884285
v 105.643349 198.607330 64.884277
v 120.059319 117.403152 63.604507
v 120.059319 165.196289 63.604507
v 130.102829 121.228096 63.604507
v 127.465958 117.409142 63.604507
v 106.734467 198.061768 63.604507
v 113.735893 192.878906 63.604507
v 14.897774 117.318199 63.604511
v 10.987885 118.863976 63.604511
v 10.987881 198.607330 63.604511
v 105.643349 198.607330 63.604507
v 136.741989 98.785164 70.024017
v 136.741989 129.010803 70.024017
v 127.731888 98.785164 70.024017
v 127.731888 129.010803 70.024017
v 136.741989 98.785164 85.586784
v 136.741989 129.010803 85.586784
v 127.731888 98.785164 85.586784
v 127.731888 129.010803 85.586784
v 130.588562 108.368301 64.917534
v 133.885300 108.368301 64.917534
v 133.885300 119.427650 64.917534
v 130.588562 119.427650 64.917534
v 49.782879 27.247513 -45.115700
v 49.782887 27.247505 44.884293
v 49.878952 26.272064 -45.115700
v 49.878960 26.272057 44.884293
v 50.163483 25.334099 -45.115700
v 50.163490 25.334091 44.884293
v 50.625534 24.469658 -45.115700
v 50.625542 24.469658 44.884293
v 51.247345 23.711983 -45.115700
v 51.247353 23.711975 44.884293
v 52.869461 22.628113 -45.115700
v 52.869469 22.628113 44.884293
v 53.807426 22.343590 -45.115700
v 53.807434 22.343582 44.884293
v 55.758331 22.343590 -45.115700
v 55.758339 22.343582 44.884293
v 56.696297 22.628113 -45.115700
v 56.696304 22.628113 44.884293
v 58.318413 23.711983 -45.115700
v 58.318420 23.711975 44.884293
v 58.940224 24.469658 -45.115700
v 58.940231 24.469658 44.884293
v 59.402275 25.334099 -45.115700
v 59.402283 25.334091 44.884293
v 59.686806 26.272064 -45.115700
v 59.686813 26.272057 44.884293
v 59.782883 27.247513 -45.115700
v 59.782883 27.247505 44.884293
v 59.686806 28.222961 -45.115700
v 59.686813 28.222961 44.884293
v 59.402275 29.160927 -45.115700
v 59.402283 29.160927 44.884293
v 57.560730 31.404861 -45.115700
v 57.560738 31.404854 44.884293
v 54.782879 32.247513 -45.115700
v 54.782887 32.247505 44.884293
v 52.005028 31.404861 -45.115700
v 52.005035 31.404854 44.884293
v 50.163483 29.160927 -45.115700
v 50.163490 29.160927 44.884293
v 49.878952 28.222961 -45.115700
v 49.878960 28.222961 44.884293
v -88.561188 29.657692 -45.115692
v -88.561188 29.657684 44.884300
v -86.001106 28.289299 -45.115692
v -86.001106 28.289291 44.884300
v -84.050201 28.289299 -45.115692
v -84.050201 28.289291 44.884300
v -81.490120 29.657692 -45.115692
v -81.490120 29.657684 44.884300
v -81.490120 36.728760 -45.115692
v -81.490120 36.728752 44.884300
v -84.050201 38.097153 -45.115692
v -84.050201 38.097145 44.884300
v -86.001106 38.097153 -45.115692
v -86.001106 38.097145 44.884300
v -88.561188 36.728760 -45.115692
v -88.561188 36.728752 44.884300
v -156.705490 47.495186 2.494418
v -157.160095 47.495186 2.121329
v -157.533173 47.495186 1.666720
v -157.810410 47.495186 1.148059
v -157.810410 47.495186 -1.148041
v -152.473343 47.495186 -1.533821
v -157.981125 47.495186 0.585280
v -158.038773 47.495186 0.000009
v -157.981125 47.495186 -0.585262
v -157.160095 47.495186 -2.121311
v -156.572601 47.495186 -2.565425
v -153.372055 47.495186 -2.494399
v -156.705490 47.495186 -2.494399
v -152.917450 47.495186 -2.121311
v -155.038773 47.495186 -2.999991
v -155.624039 47.495186 -2.942346
v -153.890717 47.495186 -2.771629
v -154.453506 47.495186 -2.942346
v -156.186829 47.495186 -2.771629
v -157.533173 47.495186 -1.666701
v -152.544373 47.495186 -1.666702
v -155.038773 47.495186 3.000009
v -154.453506 47.495186 2.942364
v -155.624039 47.495186 2.942365
v -156.319717 47.495186 2.700622
v -153.372055 47.495186 2.494418
v -153.890717 47.495186 2.771647
v -156.186829 47.495186 2.771648
v -152.267136 47.495186 -1.148041
v -152.038773 47.495186 0.000009
v -152.096420 47.495186 -0.585262
v -152.096420 47.495186 0.585280
v -152.140167 47.495186 0.729463
v -152.267136 47.495186 1.148059
v -152.544373 47.495186 1.666719
v -152.917450 47.495186 2.121329
v -155.038773 42.860176 3.000009
v -153.890717 42.860176 2.771647
v -154.453506 42.860176 2.942364
v -155.624039 42.860176 2.942365
v -156.186829 42.860176 2.771648
v -153.372055 42.860176 2.494418
v -156.705490 42.860176 2.494418
v -156.375443 42.860176 2.670834
v -152.917450 42.860176 2.121329
v -157.160095 42.860176 2.121329
v -152.544373 42.860176 1.666719
v -152.267136 42.860176 1.148059
v -157.810410 42.860176 1.148059
v -157.981125 42.860176 0.585280
v -158.038773 42.860176 0.000009
v -156.516876 42.860176 -2.595213
v -156.705490 42.860176 -2.494399
v -157.160095 42.860176 -2.121311
v -157.533173 42.860176 -1.666701
v -157.810410 42.860176 -1.148041
v -157.981125 42.860176 -0.585262
v -157.533173 42.860176 1.666720
v -152.158508 42.860176 0.789932
v -152.038773 42.860176 0.000009
v -152.096420 42.860176 0.585280
v -153.372055 42.860176 -2.494399
v -156.186829 42.860176 -2.771629
v -155.038773 42.860176 -2.999991
v -154.453506 42.860176 -2.942346
v -155.624039 42.860176 -2.942346
v -153.890717 42.860176 -2.771629
v -152.096420 42.860176 -0.585262
v -152.267136 42.860176 -1.148041
v -152.443542 42.860176 -1.478093
v -152.544373 42.860176 -1.666702
v -152.917450 42.860176 -2.121311
v -147.406799 37.828094 5.266881
v -147.406799 33.193085 5.266881
v -159.572052 37.828094 5.266881
v -159.572052 33.193085 5.266881
v -147.406799 37.828094 -5.498269
v -147.406799 33.193085 -5.498269
v -159.572052 37.828094 -5.498268
v -159.572052 33.193085 -5.498268
v -156.705490 37.828094 2.494418
v -157.160095 37.828094 2.121329
v -157.533173 37.828094 1.666720
v -157.810410 37.828094 1.148059
v -157.810410 37.828094 -1.148041
v -152.473343 37.828094 -1.533821
v -157.981125 37.828094 0.585280
v -158.038773 37.828094 0.000009
v -157.981125 37.828094 -0.585262
v -157.160095 37.828094 -2.121311
v -156.572601 37.828094 -2.565425
v -153.372055 37.828094 -2.494399
v -156.705490 37.828094 -2.494399
v -152.917450 37.828094 -2.121311
v -155.038773 37.828094 -2.999991
v -155.624039 37.828094 -2.942346
v -153.890717 37.828094 -2.771629
v -154.453506 37.828094 -2.942346
v -156.186829 37.828094 -2.771629
v -157.533173 37.828094 -1.666701
v -152.544373 37.828094 -1.666702
v -155.038773 37.828094 3.000009
v -154.453506 37.828094 2.942364
v -155.624039 37.828094 2.942365
v -156.319717 37.828094 2.700622
v -153.372055 37.828094 2.494418
v -153.890717 37.828094 2.771647
v -156.186829 37.828094 2.771648
v -152.267136 37.828094 -1.148041
v -152.038773 37.828094 0.000009
v -152.096420 37.828094 -0.585262
v -152.096420 37.828094 0.585280
v -152.140167 37.828094 0.729463
v -152.267136 37.828094 1.148059
v -152.544373 37.828094 1.666719
v -152.917450 37.828094 2.121329
v -155.038773 33.193085 3.000009
v -153.890717 33.193085 2.771647
v -154.453506 33.193085 2.942364
v -155.624039 33.193085 2.942365
v -156.186829 33.193085 2.771648
v -153.372055 33.193085 2.494418
v -156.705490 33.193085 2.494418
v -156.375443 33.193085 2.670834
v -152.917450 33.193085 2.121329
v -157.160095 33.193085 2.121329
v -152.544373 33.193085 1.666719
v -152.267136 33.193085 1.148059
v -157.810410 33.193085 1.148059
v -157.981125 33.193085 0.585280
v -158.038773 33.193085 0.000009
v -156.516876 33.193085 -2.595213
v -156.705490 33.193085 -2.494399
v -157.160095 33.193085 -2.121311
v -157.533173 33.193085 -1.666701
v -157.810410 33.193085 -1.148041
v -157.981125 33.193085 -0.585262
v -157.533173 33.193085 1.666720
v -152.158508 33.193085 0.789932
v -152.038773 33.193085 0.000009
v -152.096420 33.193085 0.585280
v -153.372055 33.193085 -2.494399
v -156.186829 33.193085 -2.771629
v -155.038773 33.193085 -2.999991
v -154.453506 33.193085 -2.942346
v -155.624039 33.193085 -2.942346
v -153.890717 33.193085 -2.771629
v -152.096420 33.193085 -0.585262
v -152.267136 33.193085 -1.148041
v -152.443542 33.193085 -1.478093
v -152.544373 33.193085 -1.666702
v -152.917450 33.193085 -2.121311
v 36.317123 198.607330 -65.115685
v 36.317123 198.607330 -63.835911
v 10.987885 158.735657 63.604511
v 10.987885 158.735657 64.884285
v 70.980232 198.607330 -63.835915
v 70.980232 198.607330 -65.115685
v -147.541672 20.874222 59.606518
v 147.458252 20.874222 59.606503
v 140.139359 114.328430 59.606503
v 147.458252 114.328430 59.606503
v 140.139359 20.874222 59.606503
v 4.458295 202.874207 59.606510
v 4.458295 114.328430 59.606510
v -147.541672 114.328430 59.606518
v 120.059319 202.874207 59.606506
v 120.059319 20.874222 59.606506
v -147.541672 20.874222 -0.115694
v 147.458252 20.874222 -0.115707
v 140.139359 114.328430 -0.115706
v 147.458252 114.328430 -0.115707
v 140.139359 20.874222 -0.115706
v 4.458292 202.874207 -0.115700
v 4.458292 114.328430 -0.115700
v -147.541672 114.328430 -0.115694
v 120.059319 202.874207 -0.115705
v 120.059319 20.874222 -0.115705
v 121.827370 195.077713 64.884277
v 121.827370 195.077713 59.606506
v 121.827370 195.077713 -0.115705
v 138.876465 119.897346 59.606503
v 138.876465 119.897346 -0.115706
v 138.876465 119.897346 64.884277
v -147.541672 114.328430 -60.008537
v 140.139359 114.328430 -60.008553
v -147.541672 20.874222 -60.008537
v 140.139359 20.874222 -60.008553
v 147.458252 114.328430 -60.008553
v 147.458252 20.874222 -60.008553
v 4.458290 114.328430 -60.008545
v 120.059319 20.874222 -60.008549
v 4.458290 202.874207 -60.008545
v 120.059319 202.874207 -60.008549
v -147.541672 114.328430 -0.115694
v 140.139359 114.328430 -0.115706
v -147.541672 20.874222 -0.115694
v 147.458252 114.328430 -0.115707
v 147.458252 20.874222 -0.115707
v 120.059319 20.874222 -0.115705
v 120.059319 202.874207 -0.115705
v 140.139359 20.874222 -0.115706
v 4.458292 114.328430 -0.115700
v 4.458292 202.874207 -0.115700
v 121.827370 195.077713 -65.115692
v 121.827370 195.077713 -60.008549
v 121.827370 195.077713 -0.115705
v 138.876465 119.897346 -65.115692
v 138.876465 119.897346 -60.008553
v 138.876465 119.897346 -0.115706
v 119.397942 194.526779 -0.115705
v 119.397942 194.526779 59.606506
v 136.447037 119.346413 59.606503
v 136.447037 119.346413 -0.115706
v 136.447037 119.346413 -60.008553
v 119.397942 194.526779 -60.008549
v 136.447037 119.346413 -0.115706
v 119.397942 194.526779 -0.115705
v 136.447037 119.346413 -0.115706
v 121.827370 195.077713 -0.115705
v 119.397942 194.526779 -0.115705
v 136.447037 119.346413 -0.115706
v 138.876465 119.897346 -0.115706
v 121.827370 195.077713 -0.115705
v 138.876465 119.897346 -0.115706
v 121.827370 195.077713 -0.115705
v 138.876465 119.897346 -0.115706
v 119.397942 194.526779 -0.115705
v 136.447037 119.346413 -0.115706
v 49.140556 117.173302 58.097286
v 49.140556 117.173302 64.854828
v 49.140556 198.536255 58.097286
v 49.140556 198.536255 64.854843
v 51.171646 117.173302 58.097286
v 51.171646 117.173302 64.854828
v 51.171646 198.536255 58.097286
v 51.171646 198.536255 64.854843
v 49.140556 117.173302 -65.140228
v 49.140556 117.173302 -58.382694
v 49.140556 198.536255 -65.140228
v 49.140556 198.536255 -58.382679
v 51.171646 117.173302 -65.140228
v 51.171646 117.173302 -58.382694
v 51.171646 198.536255 -65.140228
v 51.171646 198.536255 -58.382679
v 140.139359 67.601326 -65.115692
v 120.059319 67.601326 64.884277
v 147.458252 67.601326 -0.115707
v 147.458252 67.601326 -65.115692
v 140.139359 67.601326 64.884277
v 120.059319 67.601326 -65.115692
v 147.458252 67.601326 64.884277
v 147.458252 67.601326 59.606503
v 147.458252 67.601326 -0.115707
v 147.458252 67.601326 -60.008553
v 147.458252 67.601326 -0.115707
v 140.139359 53.123909 -65.115692
v 147.458252 53.123909 -0.115707
v 147.458252 53.123909 -65.115692
v 140.139359 53.123909 64.884277
v 147.458252 53.123909 64.884277
v 147.458252 53.123909 -60.008553
v 147.458252 53.123909 -0.115707
v 120.059319 53.123909 64.884277
v 120.059319 53.123909 -65.115692
v 147.458252 53.123909 59.606503
v 147.458252 53.123909 -0.115707
v -147.541672 20.874222 39.898190
v 147.458252 20.874222 39.898174
v 140.139359 114.328430 39.898174
v 147.458252 114.328430 39.898174
v 140.139359 20.874222 39.898174
v 4.458294 202.874207 39.898182
v 4.458294 114.328430 39.898182
v -147.541672 114.328430 39.898190
v 120.059319 202.874207 39.898178
v 120.059319 20.874222 39.898178
v 121.827370 195.077713 39.898178
v 138.876465 119.897346 39.898174
v 119.397942 194.526779 39.898178
v 136.447037 119.346413 39.898174
v 147.458252 67.601326 39.898174
v 147.458252 53.123909 39.898174
v 140.139359 20.874222 -39.944447
v 4.458290 114.328430 -39.944439
v 4.458290 202.874207 -39.944439
v -147.541672 114.328430 -39.944431
v 140.139359 114.328430 -39.944447
v -147.541672 20.874222 -39.944431
v 147.458252 114.328430 -39.944447
v 147.458252 20.874222 -39.944447
v 120.059319 20.874222 -39.944443
v 120.059319 202.874207 -39.944443
v 121.827370 195.077713 -39.944443
v 138.876465 119.897346 -39.944447
v 119.397942 194.526779 -39.944443
v 136.447037 119.346413 -39.944447
v 147.458252 67.601326 -39.944447
v 147.458252 53.123909 -39.944447
v -147.541672 114.328430 -20.030064
v 140.139359 114.328430 -20.030075
v -147.541672 20.874222 -20.030064
v 147.458252 114.328430 -20.030075
v 147.458252 20.874222 -20.030075
v 120.059319 20.874222 -20.030075
v 120.059319 202.874207 -20.030075
v 121.827370 195.077713 -20.030075
v 138.876465 119.897346 -20.030075
v 119.397942 194.526779 -20.030075
v 136.447037 119.346413 -20.030075
v 147.458252 67.601326 -20.030075
v 147.458252 53.123909 -20.030075
v 140.139359 20.874222 -20.030075
v 4.458292 114.328430 -20.030069
v 4.458292 202.874207 -20.030069
v -147.541672 20.874222 19.891247
v 147.458252 20.874222 19.891235
v 140.139359 114.328430 19.891235
v 147.458252 114.328430 19.891235
v 140.139359 20.874222 19.891235
v 4.458294 202.874207 19.891241
v 4.458294 114.328430 19.891241
v -147.541672 114.328430 19.891247
v 120.059319 202.874207 19.891235
v 120.059319 20.874222 19.891235
v 121.827370 195.077713 19.891235
v 138.876465 119.897346 19.891235
v 119.397942 194.526779 19.891235
v 136.447037 119.346413 19.891235
v 147.458252 67.601326 19.891235
v 147.458252 53.123909 19.891235
v 62.258804 114.328430 64.884285
v 4.458296 61.340858 64.884285
v 49.126015 117.345848 64.884285
v 49.126041 114.328430 64.884285
v 51.169514 114.328430 64.884285
v 51.171635 117.347504 64.884285
v 51.165771 117.347496 64.884285
v 57.560837 61.078125 64.884285
v 4.458290 61.312771 -65.115685
v 49.120598 114.328430 -65.115685
v 49.136105 117.345856 -65.115685
v 51.178619 117.347511 -65.115685
v 51.163643 114.328430 -65.115685
v 57.521801 61.083267 -65.115685
v 120.059319 66.165070 64.884277
v 120.059319 66.165070 -65.115692
v 147.458252 66.165070 59.606503
v 147.458252 66.165070 -0.115707
v 140.139359 66.165070 -65.115692
v 147.458252 66.165070 -0.115707
v 147.458252 66.165070 -65.115692
v 140.139359 66.165070 64.884277
v 147.458252 66.165070 64.884277
v 147.458252 66.165070 -60.008553
v 147.458252 66.165070 -0.115707
v 147.458252 66.165070 39.898174
v 147.458252 66.165070 -39.944447
v 147.458252 66.165070 -20.030075
v 147.458252 66.165070 19.891235
v 140.139359 54.729866 -65.115692
v 147.458252 54.729866 -0.115707
v 147.458252 54.729866 -65.115692
v 140.139359 54.729866 64.884277
v 147.458252 54.729866 64.884277
v 147.458252 54.729866 -60.008553
v 147.458252 54.729866 -0.115707
v 147.458252 54.729866 -39.944447
v 147.458252 54.729866 -20.030075
v 120.059319 54.729866 64.884277
v 120.059319 54.729866 -65.115692
v 147.458252 54.729866 59.606503
v 147.458252 54.729866 -0.115707
v 147.458252 54.729866 39.898174
v 147.458252 54.729866 19.891235
v 67.522964 88.253021 64.895454
v 67.522964 88.253021 68.415565
v 67.522964 92.069633 64.895454
v 67.522964 92.069633 68.415565
v 85.859314 88.253021 64.895454
v 85.859314 88.253021 68.415565
v 85.859314 92.069633 64.895454
v 85.859314 92.069633 68.415565
v 67.522964 88.253021 -68.614265
v 67.522964 88.253021 -65.094154
v 67.522964 92.069633 -68.614265
v 67.522964 92.069633 -65.094154
v 85.859322 88.253021 -68.614265
v 85.859322 88.253021 -65.094154
v 85.859322 92.069633 -68.614265
v 85.859322 92.069633 -65.094154
v 104.708855 204.834213 -60.010536
v 104.708855 202.861389 -60.010536
v 104.708855 204.834213 -55.703648
v 104.708855 202.861389 -55.703648
v 115.309341 204.834213 -60.010536
v 115.309341 202.861389 -60.010536
v 115.309341 204.834213 -55.703648
v 115.309341 202.861389 -55.703648
v 104.708855 204.834213 55.295757
v 104.708855 202.861389 55.295757
v 104.708855 204.834213 59.602646
v 104.708855 202.861389 59.602646
v 115.309341 204.834213 55.295757
v 115.309341 202.861389 55.295757
v 115.309341 204.834213 59.602646
v 115.309341 202.861389 59.602646
v 104.708855 206.797699 -60.010639
v 104.708855 204.824860 -60.010639
v 104.708855 206.797699 59.601139
v 104.708855 204.824860 59.601139
v 115.309341 206.797699 -60.010639
v 115.309341 204.824860 -60.010639
v 115.309341 206.797699 59.601139
v 115.309341 204.824860 59.601139
v 110.056252 207.825287 -3.997373
v 110.056252 213.825287 -3.997373
v 110.836609 207.825287 -3.920515
v 110.836609 213.825287 -3.920515
v 111.586983 207.825287 -3.692892
v 111.586983 213.825287 -3.692892
v 112.278534 207.825287 -3.323255
v 112.278534 213.825287 -3.323255
v 112.884674 207.825287 -2.825803
v 112.884674 213.825287 -2.825803
v 113.382126 207.825287 -2.219656
v 113.382126 213.825287 -2.219656
v 113.751770 207.825287 -1.528104
v 113.751770 213.825287 -1.528104
v 113.979393 207.825287 -0.777738
v 113.979393 213.825287 -0.777738
v 114.056252 207.825287 0.002627
v 114.056252 213.825287 0.002627
v 113.979393 207.825287 0.782992
v 113.979393 213.825287 0.782992
v 113.751770 207.825287 1.533358
v 113.751770 213.825287 1.533358
v 113.382126 207.825287 2.224909
v 113.382126 213.825287 2.224909
v 112.884674 207.825287 2.831057
v 112.884674 213.825287 2.831057
v 112.278534 207.825287 3.328509
v 112.278534 213.825287 3.328509
v 111.586983 207.825287 3.698145
v 111.586983 213.825287 3.698145
v 110.836609 207.825287 3.925769
v 110.836609 213.825287 3.925769
v 110.056252 207.825287 4.002627
v 110.056252 213.825287 4.002627
v 109.275887 207.825287 3.925769
v 109.275887 213.825287 3.925769
v 108.525513 207.825287 3.698145
v 108.525513 213.825287 3.698145
v 107.833969 207.825287 3.328509
v 107.833969 213.825287 3.328509
v 107.227821 207.825287 2.831057
v 107.227821 213.825287 2.831057
v 106.730370 207.825287 2.224909
v 106.730370 213.825287 2.224909
v 106.360733 207.825287 1.533358
v 106.360733 213.825287 1.533358
v 106.133110 207.825287 0.782992
v 106.133110 213.825287 0.782992
v 106.056252 207.825287 0.002627
v 106.056252 213.825287 0.002627
v 106.133110 207.825287 -0.777738
v 106.133110 213.825287 -0.777738
v 106.360733 207.825287 -1.528104
v 106.360733 213.825287 -1.528104
v 106.730370 207.825287 -2.219656
v 106.730370 213.825287 -2.219656
v 107.227821 207.825287 -2.825803
v 107.227821 213.825287 -2.825803
v 107.833969 207.825287 -3.323255
v 107.833969 213.825287 -3.323255
v 108.525513 207.825287 -3.692892
v 108.525513 213.825287 -3.692892
v 109.275887 207.825287 -3.920515
v 109.275887 213.825287 -3.920515
v 110.056252 206.801468 -3.997373
v 110.056252 207.801468 -3.997373
v 110.836609 206.801468 -3.920515
v 110.836609 207.801468 -3.920515
v 111.586983 206.801468 -3.692892
v 111.586983 207.801468 -3.692892
v 112.278534 206.801468 -3.323255
v 112.278534 207.801468 -3.323255
v 112.884674 206.801468 -2.825803
v 112.884674 207.801468 -2.825803
v 113.382126 206.801468 -2.219656
v 113.382126 207.801468 -2.219656
v 113.751770 206.801468 -1.528104
v 113.751770 207.801468 -1.528104
v 113.979393 206.801468 -0.777738
v 113.979393 207.801468 -0.777738
v 114.056252 206.801468 0.002627
v 114.056252 207.801468 0.002627
v 113.979393 206.801468 0.782992
v 113.979393 207.801468 0.782992
v 113.751770 206.801468 1.533358
v 113.751770 207.801468 1.533358
v 113.382126 206.801468 2.224909
v 113.382126 207.801468 2.224909
v 112.884674 206.801468 2.831057
v 112.884674 207.801468 2.831057
v 112.278534 206.801468 3.328509
v 112.278534 207.801468 3.328509
v 111.586983 206.801468 3.698145
v 111.586983 207.801468 3.698145
v 110.836609 206.801468 3.925769
v 110.836609 207.801468 3.925769
v 110.056252 206.801468 4.002627
v 110.056252 207.801468 4.002627
v 109.275887 206.801468 3.925769
v 109.275887 207.801468 3.925769
v 108.525513 206.801468 3.698145
v 108.525513 207.801468 3.698145
v 107.833969 206.801468 3.328509
v 107.833969 207.801468 3.328509
v 107.227821 206.801468 2.831057
v 107.227821 207.801468 2.831057
v 106.730370 206.801468 2.224909
v 106.730370 207.801468 2.224909
v 106.360733 206.801468 1.533358
v 106.360733 207.801468 1.533358
v 106.133110 206.801468 0.782992
v 106.133110 207.801468 0.782992
v 106.056252 206.801468 0.002627
v 106.056252 207.801468 0.002627
v 106.133110 206.801468 -0.777738
v 106.133110 207.801468 -0.777738
v 106.360733 206.801468 -1.528104
v 106.360733 207.801468 -1.528104
v 106.730370 206.801468 -2.219656
v 106.730370 207.801468 -2.219656
v 107.227821 206.801468 -2.825803
v 107.227821 207.801468 -2.825803
v 107.833969 206.801468 -3.323255
v 107.833969 207.801468 -3.323255
v 108.525513 206.801468 -3.692892
v 108.525513 207.801468 -3.692892
v 109.275887 206.801468 -3.920515
v 109.275887 207.801468 -3.920515
v 110.056252 213.802414 -3.997373
v 110.056252 214.802414 -3.997373
v 110.836609 213.802414 -3.920515
v 110.836609 214.802414 -3.920515
v 111.586983 213.802414 -3.692892
v 111.586983 214.802414 -3.692892
v 112.278534 213.802414 -3.323255
v 112.278534 214.802414 -3.323255
v 112.884674 213.802414 -2.825803
v 112.884674 214.802414 -2.825803
v 113.382126 213.802414 -2.219656
v 113.382126 214.802414 -2.219656
v 113.751770 213.802414 -1.528104
v 113.751770 214.802414 -1.528104
v 113.979393 213.802414 -0.777738
v 113.979393 214.802414 -0.777738
v 114.056252 213.802414 0.002627
v 114.056252 214.802414 0.002627
v 113.979393 213.802414 0.782992
v 113.979393 214.802414 0.782992
v 113.751770 213.802414 1.533358
v 113.751770 214.802414 1.533358
v 113.382126 213.802414 2.224909
v 113.382126 214.802414 2.224909
v 112.884674 213.802414 2.831057
v 112.884674 214.802414 2.831057
v 112.278534 213.802414 3.328509
v 112.278534 214.802414 3.328509
v 111.586983 213.802414 3.698145
v 111.586983 214.802414 3.698145
v 110.836609 213.802414 3.925769
v 110.836609 214.802414 3.925769
v 110.056252 213.802414 4.002627
v 110.056252 214.802414 4.002627
v 109.275887 213.802414 3.925769
v 109.275887 214.802414 3.925769
v 108.525513 213.802414 3.698145
v 108.525513 214.802414 3.698145
v 107.833969 213.802414 3.328509
v 107.833969 214.802414 3.328509
v 107.227821 213.802414 2.831057
v 107.227821 214.802414 2.831057
v 106.730370 213.802414 2.224909
v 106.730370 214.802414 2.224909
v 106.360733 213.802414 1.533358
v 106.360733 214.802414 1.533358
v 106.133110 213.802414 0.782992
v 106.133110 214.802414 0.782992
v 106.056252 213.802414 0.002627
v 106.056252 214.802414 0.002627
v 106.133110 213.802414 -0.777738
v 106.133110 214.802414 -0.777738
v 106.360733 213.802414 -1.528104
v 106.360733 214.802414 -1.528104
v 106.730370 213.802414 -2.219656
v 106.730370 214.802414 -2.219656
v 107.227821 213.802414 -2.825803
v 107.227821 214.802414 -2.825803
v 107.833969 213.802414 -3.323255
v 107.833969 214.802414 -3.323255
v 108.525513 213.802414 -3.692892
v 108.525513 214.802414 -3.692892
v 109.275887 213.802414 -3.920515
v 109.275887 214.802414 -3.920515
v 155.188995 36.079277 67.070137
v 155.188995 35.079277 67.070137
v 154.497452 36.079277 66.700508
v 154.497452 35.079277 66.700508
v 153.747086 36.079277 66.472878
v 153.747086 35.079277 66.472878
v 152.966705 36.079277 66.396019
v 152.966705 35.079277 66.396019
v 152.186356 36.079277 66.472893
v 152.186356 35.079277 66.472893
v 151.435974 36.079277 66.700508
v 151.435974 35.079277 66.700508
v 150.744446 36.079277 67.070152
v 150.744446 35.079277 67.070152
v 150.138290 36.079277 67.567589
v 150.138290 35.079277 67.567589
v 149.640839 36.079277 68.173752
v 149.640839 35.079277 68.173752
v 149.271194 36.079277 68.865288
v 149.271194 35.079277 68.865288
v 149.043579 36.079277 69.615669
v 149.043579 35.079277 69.615669
v 148.966705 36.079277 70.396019
v 148.966705 35.079277 70.396019
v 149.043564 36.079277 71.176392
v 149.043564 35.079277 71.176392
v 149.271194 36.079277 71.926758
v 149.271194 35.079277 71.926758
v 149.640823 36.079277 72.618301
v 149.640823 35.079277 72.618301
v 150.138290 36.079277 73.224449
v 150.138290 35.079277 73.224449
v 150.744431 36.079277 73.721901
v 150.744431 35.079277 73.721901
v 151.435974 36.079277 74.091537
v 151.435974 35.079277 74.091537
v 152.186356 36.079277 74.319168
v 152.186356 35.079277 74.319168
v 152.966705 36.079277 74.396027
v 152.966705 35.079277 74.396027
v 153.747070 36.079277 74.319168
v 153.747070 35.079277 74.319168
v 154.497452 36.079277 74.091545
v 154.497452 35.079277 74.091545
v 155.188995 36.079277 73.721916
v 155.188995 35.079277 73.721916
v 155.795135 36.079277 73.224449
v 155.795135 35.079277 73.224449
v 156.292603 36.079277 72.618309
v 156.292603 35.079277 72.618309
v 156.662231 36.079277 71.926765
v 156.662231 35.079277 71.926765
v 156.889862 36.079277 71.176384
v 156.889862 35.079277 71.176384
v 156.966721 36.079277 70.396019
v 156.966721 35.079277 70.396019
v 156.889862 36.079277 69.615662
v 156.889862 35.079277 69.615662
v 156.662231 36.079277 68.865288
v 156.662231 35.079277 68.865288
v 156.292587 36.079277 68.173744
v 156.292587 35.079277 68.173744
v 155.795135 36.079277 67.567589
v 155.795135 35.079277 67.567589
v 155.188995 29.078331 67.070137
v 155.188995 28.078331 67.070137
v 154.497452 29.078331 66.700508
v 154.497452 28.078331 66.700508
v 153.747086 29.078331 66.472878
v 153.747086 28.078331 66.472878
v 152.966705 29.078331 66.396019
v 152.966705 28.078331 66.396019
v 152.186356 29.078331 66.472893
v 152.186356 28.078331 66.472893
v 151.435974 29.078331 66.700508
v 151.435974 28.078331 66.700508
v 150.744446 29.078331 67.070152
v 150.744446 28.078331 67.070152
v 150.138290 29.078331 67.567589
v 150.138290 28.078331 67.567589
v 149.640839 29.078331 68.173752
v 149.640839 28.078331 68.173752
v 149.271194 29.078331 68.865288
v 149.271194 28.078331 68.865288
v 149.043579 29.078331 69.615669
v 149.043579 28.078331 69.615669
v 148.966705 29.078331 70.396019
v 148.966705 28.078331 70.396019
v 149.043564 29.078331 71.176392
v 149.043564 28.078331 71.176392
v 149.271194 29.078331 71.926758
v 149.271194 28.078331 71.926758
v 149.640823 29.078331 72.618301
v 149.640823 28.078331 72.618301
v 150.138290 29.078331 73.224449
v 150.138290 28.078331 73.224449
v 150.744431 29.078331 73.721901
v 150.744431 28.078331 73.721901
v 151.435974 29.078331 74.091537
v 151.435974 28.078331 74.091537
v 152.186356 29.078331 74.319168
v 152.186356 28.078331 74.319168
v 152.966705 29.078331 74.396027
v 152.966705 28.078331 74.396027
v 153.747070 29.078331 74.319168
v 153.747070 28.078331 74.319168
v 154.497452 29.078331 74.091545
v 154.497452 28.078331 74.091545
v 155.188995 29.078331 73.721916
v 155.188995 28.078331 73.721916
v 155.795135 29.078331 73.224449
v 155.795135 28.078331 73.224449
v 156.292603 29.078331 72.618309
v 156.292603 28.078331 72.618309
v 156.662231 29.078331 71.926765
v 156.662231 28.078331 71.926765
v 156.889862 29.078331 71.176384
v 156.889862 28.078331 71.176384
v 156.966721 29.078331 70.396019
v 156.966721 28.078331 70.396019
v 156.889862 29.078331 69.615662
v 156.889862 28.078331 69.615662
v 156.662231 29.078331 68.865288
v 156.662231 28.078331 68.865288
v 156.292587 29.078331 68.173744
v 156.292587 28.078331 68.173744
v 155.795135 29.078331 67.567589
v 155.795135 28.078331 67.567589
v 155.188995 35.102150 67.070137
v 155.188995 29.102150 67.070137
v 154.497452 35.102150 66.700508
v 154.497452 29.102150 66.700508
v 153.747086 35.102150 66.472878
v 153.747086 29.102150 66.472878
v 152.966705 35.102150 66.396019
v 152.966705 29.102150 66.396019
v 152.186356 35.102150 66.472893
v 152.186356 29.102150 66.472893
v 151.435974 35.102150 66.700508
v 151.435974 29.102150 66.700508
v 150.744446 35.102150 67.070152
v 150.744446 29.102150 67.070152
v 150.138290 35.102150 67.567589
v 150.138290 29.102150 67.567589
v 149.640839 35.102150 68.173752
v 149.640839 29.102150 68.173752
v 149.271194 35.102150 68.865288
v 149.271194 29.102150 68.865288
v 149.043579 35.102150 69.615669
v 149.043579 29.102150 69.615669
v 148.966705 35.102150 70.396019
v 148.966705 29.102150 70.396019
v 149.043564 35.102150 71.176392
v 149.043564 29.102150 71.176392
v 149.271194 35.102150 71.926758
v 149.271194 29.102150 71.926758
v 149.640823 35.102150 72.618301
v 149.640823 29.102150 72.618301
v 150.138290 35.102150 73.224449
v 150.138290 29.102150 73.224449
v 150.744431 35.102150 73.721901
v 150.744431 29.102150 73.721901
v 151.435974 35.102150 74.091537
v 151.435974 29.102150 74.091537
v 152.186356 35.102150 74.319168
v 152.186356 29.102150 74.319168
v 152.966705 35.102150 74.396027
v 152.966705 29.102150 74.396027
v 153.747070 35.102150 74.319168
v 153.747070 29.102150 74.319168
v 154.497452 35.102150 74.091545
v 154.497452 29.102150 74.091545
v 155.188995 35.102150 73.721916
v 155.188995 29.102150 73.721916
v 155.795135 35.102150 73.224449
v 155.795135 29.102150 73.224449
v 156.292603 35.102150 72.618309
v 156.292603 29.102150 72.618309
v 156.662231 35.102150 71.926765
v 156.662231 29.102150 71.926765
v 156.889862 35.102150 71.176384
v 156.889862 29.102150 71.176384
v 156.966721 35.102150 70.396019
v 156.966721 29.102150 70.396019
v 156.889862 35.102150 69.615662
v 156.889862 29.102150 69.615662
v 156.662231 35.102150 68.865288
v 156.662231 29.102150 68.865288
v 156.292587 35.102150 68.173744
v 156.292587 29.102150 68.173744
v 155.795135 35.102150 67.567589
v 155.795135 29.102150 67.567589
v 157.150467 26.075371 66.097023
v 157.150467 28.075371 66.097023
v 157.896652 26.075371 67.006248
v 157.896652 28.075371 67.006248
v 158.451111 26.075371 68.043571
v 158.451111 28.075371 68.043571
v 158.792542 26.075371 69.169121
v 158.792542 28.075371 69.169121
v 158.907837 26.075371 70.339668
v 158.907837 28.075371 70.339668
v 158.792542 26.075371 71.510208
v 158.792542 28.075371 71.510208
v 158.451111 26.075371 72.635773
v 158.451111 28.075371 72.635773
v 157.896652 26.075371 73.673096
v 157.896652 28.075371 73.673096
v 157.150467 26.075371 74.582306
v 157.150467 28.075371 74.582306
v 156.241257 26.075371 75.328491
v 156.241257 28.075371 75.328491
v 155.203934 26.075371 75.882957
v 155.203934 28.075371 75.882957
v 154.078369 26.075371 76.224373
v 154.078369 28.075371 76.224373
v 152.907837 26.075371 76.339668
v 152.907837 28.075371 76.339668
v 151.737289 26.075371 76.224373
v 151.737289 28.075371 76.224373
v 150.611740 26.075371 75.882950
v 150.611740 28.075371 75.882950
v 149.574417 26.075371 75.328491
v 149.574417 28.075371 75.328491
v 148.665192 26.075371 74.582306
v 148.665192 28.075371 74.582306
v 147.919022 26.075371 73.673096
v 147.919022 28.075371 73.673096
v 147.364563 26.075371 72.635765
v 147.364563 28.075371 72.635765
v 147.023117 26.075371 71.510208
v 147.023117 28.075371 71.510208
v 146.907837 26.075371 70.339676
v 146.907837 28.075371 70.339676
v 147.023117 26.075371 69.169128
v 147.023117 28.075371 69.169128
v 147.364548 26.075371 68.043571
v 147.364548 28.075371 68.043571
v 147.919022 26.075371 67.006248
v 147.919022 28.075371 67.006248
v 148.665192 26.075371 66.097023
v 148.665192 28.075371 66.097023
v 149.574417 26.075371 65.350853
v 149.574417 28.075371 65.350853
v 150.611740 26.075371 64.796394
v 150.611740 28.075371 64.796394
v 151.737289 26.075371 64.454956
v 151.737289 28.075371 64.454956
v 152.907837 26.075371 64.339676
v 152.907837 28.075371 64.339676
v 154.078369 26.075371 64.454956
v 154.078369 28.075371 64.454956
v 155.203934 26.075371 64.796394
v 155.203934 28.075371 64.796394
v 156.241257 26.075371 65.350853
v 156.241257 28.075371 65.350853
v 137.739685 26.078606 63.662167
v 137.739685 28.078606 63.662167
v 146.230331 26.078606 55.171524
v 146.230331 28.078606 55.171524
v 148.715729 26.078606 74.638214
v 148.715729 28.078606 74.638214
v 157.206375 26.078606 66.147575
v 157.206375 28.078606 66.147575
v 157.150467 36.056221 66.097023
v 157.150467 38.056221 66.097023
v 157.896652 36.056221 67.006248
v 157.896652 38.056221 67.006248
v 158.451111 36.056221 68.043571
v 158.451111 38.056221 68.043571
v 158.792542 36.056221 69.169121
v 158.792542 38.056221 69.169121
v 158.907837 36.056221 70.339668
v 158.907837 38.056221 70.339668
v 158.792542 36.056221 71.510208
v 158.792542 38.056221 71.510208
v 158.451111 36.056221 72.635773
v 158.451111 38.056221 72.635773
v 157.896652 36.056221 73.673096
v 157.896652 38.056221 73.673096
v 157.150467 36.056221 74.582306
v 157.150467 38.056221 74.582306
v 156.241257 36.056221 75.328491
v 156.241257 38.056221 75.328491
v 155.203934 36.056221 75.882957
v 155.203934 38.056221 75.882957
v 154.078369 36.056221 76.224373
v 154.078369 38.056221 76.224373
v 152.907837 36.056221 76.339668
v 152.907837 38.056221 76.339668
v 151.737289 36.056221 76.224373
v 151.737289 38.056221 76.224373
v 150.611740 36.056221 75.882950
v 150.611740 38.056221 75.882950
v 149.574417 36.056221 75.328491
v 149.574417 38.056221 75.328491
v 148.665192 36.056221 74.582306
v 148.665192 38.056221 74.582306
v 147.919022 36.056221 73.673096
v 147.919022 38.056221 73.673096
v 147.364563 36.056221 72.635765
v 147.364563 38.056221 72.635765
v 147.023117 36.056221 71.510208
v 147.023117 38.056221 71.510208
v 146.907837 36.056221 70.339676
v 146.907837 38.056221 70.339676
v 147.023117 36.056221 69.169128
v 147.023117 38.056221 69.169128
v 147.364548 36.056221 68.043571
v 147.364548 38.056221 68.043571
v 147.919022 36.056221 67.006248
v 147.919022 38.056221 67.006248
v 148.665192 36.056221 66.097023
v 148.665192 38.056221 66.097023
v 149.574417 36.056221 65.350853
v 149.574417 38.056221 65.350853
v 150.611740 36.056221 64.796394
v 150.611740 38.056221 64.796394
v 151.737289 36.056221 64.454956
v 151.737289 38.056221 64.454956
v 152.907837 36.056221 64.339676
v 152.907837 38.056221 64.339676
v 154.078369 36.056221 64.454956
v 154.078369 38.056221 64.454956
v 155.203934 36.056221 64.796394
v 155.203934 38.056221 64.796394
v 156.241257 36.056221 65.350853
v 156.241257 38.056221 65.350853
v 137.739685 36.059456 63.662167
v 137.739685 38.059456 63.662167
v 146.230331 36.059456 55.171524
v 146.230331 38.059456 55.171524
v 148.715729 36.059456 74.638214
v 148.715729 38.059456 74.638214
v 157.206375 36.059456 66.147575
v 157.206375 38.059456 66.147575
v 149.610107 36.079277 -72.782219
v 149.610107 35.079277 -72.782219
v 149.240479 36.079277 -72.090683
v 149.240479 35.079277 -72.090683
v 149.012848 36.079277 -71.340309
v 149.012848 35.079277 -71.340309
v 148.935989 36.079277 -70.559944
v 148.935989 35.079277 -70.559944
v 149.012848 36.079277 -69.779594
v 149.012848 35.079277 -69.779594
v 149.240479 36.079277 -69.029213
v 149.240479 35.079277 -69.029213
v 149.610123 36.079277 -68.337677
v 149.610123 35.079277 -68.337677
v 150.107559 36.079277 -67.731522
v 150.107559 35.079277 -67.731522
v 150.713715 36.079277 -67.234070
v 150.713715 35.079277 -67.234070
v 151.405258 36.079277 -66.864433
v 151.405258 35.079277 -66.864433
v 152.155640 36.079277 -66.636810
v 152.155640 35.079277 -66.636810
v 152.935989 36.079277 -66.559937
v 152.935989 35.079277 -66.559937
v 153.716354 36.079277 -66.636803
v 153.716354 35.079277 -66.636803
v 154.466721 36.079277 -66.864426
v 154.466721 35.079277 -66.864426
v 155.158264 36.079277 -67.234062
v 155.158264 35.079277 -67.234062
v 155.764420 36.079277 -67.731522
v 155.764420 35.079277 -67.731522
v 156.261871 36.079277 -68.337662
v 156.261871 35.079277 -68.337662
v 156.631500 36.079277 -69.029205
v 156.631500 35.079277 -69.029205
v 156.859146 36.079277 -69.779587
v 156.859146 35.079277 -69.779587
v 156.935989 36.079277 -70.559944
v 156.935989 35.079277 -70.559944
v 156.859131 36.079277 -71.340309
v 156.859131 35.079277 -71.340309
v 156.631516 36.079277 -72.090683
v 156.631516 35.079277 -72.090683
v 156.261887 36.079277 -72.782234
v 156.261887 35.079277 -72.782234
v 155.764420 36.079277 -73.388374
v 155.764420 35.079277 -73.388374
v 155.158279 36.079277 -73.885834
v 155.158279 35.079277 -73.885834
v 154.466736 36.079277 -74.255463
v 154.466736 35.079277 -74.255463
v 153.716354 36.079277 -74.483086
v 153.716354 35.079277 -74.483086
v 152.935989 36.079277 -74.559944
v 152.935989 35.079277 -74.559944
v 152.155624 36.079277 -74.483093
v 152.155624 35.079277 -74.483093
v 151.405258 36.079277 -74.255463
v 151.405258 35.079277 -74.255463
v 150.713715 36.079277 -73.885826
v 150.713715 35.079277 -73.885826
v 150.107559 36.079277 -73.388374
v 150.107559 35.079277 -73.388374
v 149.610107 29.078331 -72.782219
v 149.610107 28.078331 -72.782219
v 149.240479 29.078331 -72.090683
v 149.240479 28.078331 -72.090683
v 149.012848 29.078331 -71.340309
v 149.012848 28.078331 -71.340309
v 148.935989 29.078331 -70.559944
v 148.935989 28.078331 -70.559944
v 149.012848 29.078331 -69.779594
v 149.012848 28.078331 -69.779594
v 149.240479 29.078331 -69.029213
v 149.240479 28.078331 -69.029213
v 149.610123 29.078331 -68.337677
v 149.610123 28.078331 -68.337677
v 150.107559 29.078331 -67.731522
v 150.107559 28.078331 -67.731522
v 150.713715 29.078331 -67.234070
v 150.713715 28.078331 -67.234070
v 151.405258 29.078331 -66.864433
v 151.405258 28.078331 -66.864433
v 152.155640 29.078331 -66.636810
v 152.155640 28.078331 -66.636810
v 152.935989 29.078331 -66.559937
v 152.935989 28.078331 -66.559937
v 153.716354 29.078331 -66.636803
v 153.716354 28.078331 -66.636803
v 154.466721 29.078331 -66.864426
v 154.466721 28.078331 -66.864426
v 155.158264 29.078331 -67.234062
v 155.158264 28.078331 -67.234062
v 155.764420 29.078331 -67.731522
v 155.764420 28.078331 -67.731522
v 156.261871 29.078331 -68.337662
v 156.261871 28.078331 -68.337662
v 156.631500 29.078331 -69.029205
v 156.631500 28.078331 -69.029205
v 156.859146 29.078331 -69.779587
v 156.859146 28.078331 -69.779587
v 156.935989 29.078331 -70.559944
v 156.935989 28.078331 -70.559944
v 156.859131 29.078331 -71.340309
v 156.859131 28.078331 -71.340309
v 156.631516 29.078331 -72.090683
v 156.631516 28.078331 -72.090683
v 156.261887 29.078331 -72.782234
v 156.261887 28.078331 -72.782234
v 155.764420 29.078331 -73.388374
v 155.764420 28.078331 -73.388374
v 155.158279 29.078331 -73.885834
v 155.158279 28.078331 -73.885834
v 154.466736 29.078331 -74.255463
v 154.466736 28.078331 -74.255463
v 153.716354 29.078331 -74.483086
v 153.716354 28.078331 -74.483086
v 152.935989 29.078331 -74.559944
v 152.935989 28.078331 -74.559944
v 152.155624 29.078331 -74.483093
v 152.155624 28.078331 -74.483093
v 151.405258 29.078331 -74.255463
v 151.405258 28.078331 -74.255463
v 150.713715 29.078331 -73.885826
v 150.713715 28.078331 -73.885826
v 150.107559 29.078331 -73.388374
v 150.107559 28.078331 -73.388374
v 149.610107 35.102150 -72.782219
v 149.610107 29.102150 -72.782219
v 149.240479 35.102150 -72.090683
v 149.240479 29.102150 -72.090683
v 149.012848 35.102150 -71.340309
v 149.012848 29.102150 -71.340309
v 148.935989 35.102150 -70.559944
v 148.935989 29.102150 -70.559944
v 149.012848 35.102150 -69.779594
v 149.012848 29.102150 -69.779594
v 149.240479 35.102150 -69.029213
v 149.240479 29.102150 -69.029213
v 149.610123 35.102150 -68.337677
v 149.610123 29.102150 -68.337677
v 150.107559 35.102150 -67.731522
v 150.107559 29.102150 -67.731522
v 150.713715 35.102150 -67.234070
v 150.713715 29.102150 -67.234070
v 151.405258 35.102150 -66.864433
v 151.405258 29.102150 -66.864433
v 152.155640 35.102150 -66.636810
v 152.155640 29.102150 -66.636810
v 152.935989 35.102150 -66.559937
v 152.935989 29.102150 -66.559937
v 153.716354 35.102150 -66.636803
v 153.716354 29.102150 -66.636803
v 154.466721 35.102150 -66.864426
v 154.466721 29.102150 -66.864426
v 155.158264 35.102150 -67.234062
v 155.158264 29.102150 -67.234062
v 155.764420 35.102150 -67.731522
v 155.764420 29.102150 -67.731522
v 156.261871 35.102150 -68.337662
v 156.261871 29.102150 -68.337662
v 156.631500 35.102150 -69.029205
v 156.631500 29.102150 -69.029205
v 156.859146 35.102150 -69.779587
v 156.859146 29.102150 -69.779587
v 156.935989 35.102150 -70.559944
v 156.935989 29.102150 -70.559944
v 156.859131 35.102150 -71.340309
v 156.859131 29.102150 -71.340309
v 156.631516 35.102150 -72.090683
v 156.631516 29.102150 -72.090683
v 156.261887 35.102150 -72.782234
v 156.261887 29.102150 -72.782234
v 155.764420 35.102150 -73.388374
v 155.764420 29.102150 -73.388374
v 155.158279 35.102150 -73.885834
v 155.158279 29.102150 -73.885834
v 154.466736 35.102150 -74.255463
v 154.466736 29.102150 -74.255463
v 153.716354 35.102150 -74.483086
v 153.716354 29.102150 -74.483086
v 152.935989 35.102150 -74.559944
v 152.935989 29.102150 -74.559944
v 152.155624 35.102150 -74.483093
v 152.155624 29.102150 -74.483093
v 151.405258 35.102150 -74.255463
v 151.405258 29.102150 -74.255463
v 150.713715 35.102150 -73.885826
v 150.713715 29.102150 -73.885826
v 150.107559 35.102150 -73.388374
v 150.107559 29.102150 -73.388374
v 148.636993 26.075371 -74.743706
v 148.636993 28.075371 -74.743706
v 149.546219 26.075371 -75.489883
v 149.546219 28.075371 -75.489883
v 150.583542 26.075371 -76.044350
v 150.583542 28.075371 -76.044350
v 151.709091 26.075371 -76.385780
v 151.709091 28.075371 -76.385780
v 152.879639 26.075371 -76.501068
v 152.879639 28.075371 -76.501068
v 154.050171 26.075371 -76.385773
v 154.050171 28.075371 -76.385773
v 155.175735 26.075371 -76.044350
v 155.175735 28.075371 -76.044350
v 156.213058 26.075371 -75.489883
v 156.213058 28.075371 -75.489883
v 157.122269 26.075371 -74.743706
v 157.122269 28.075371 -74.743706
v 157.868454 26.075371 -73.834496
v 157.868454 28.075371 -73.834496
v 158.422928 26.075371 -72.797173
v 158.422928 28.075371 -72.797173
v 158.764343 26.075371 -71.671608
v 158.764343 28.075371 -71.671608
v 158.879639 26.075371 -70.501068
v 158.879639 28.075371 -70.501068
v 158.764343 26.075371 -69.330521
v 158.764343 28.075371 -69.330521
v 158.422913 26.075371 -68.204971
v 158.422913 28.075371 -68.204971
v 157.868454 26.075371 -67.167648
v 157.868454 28.075371 -67.167648
v 157.122269 26.075371 -66.258423
v 157.122269 28.075371 -66.258423
v 156.213058 26.075371 -65.512253
v 156.213058 28.075371 -65.512253
v 155.175735 26.075371 -64.957794
v 155.175735 28.075371 -64.957794
v 154.050171 26.075371 -64.616356
v 154.050171 28.075371 -64.616356
v 152.879639 26.075371 -64.501076
v 152.879639 28.075371 -64.501076
v 151.709091 26.075371 -64.616356
v 151.709091 28.075371 -64.616356
v 150.583542 26.075371 -64.957787
v 150.583542 28.075371 -64.957787
v 149.546219 26.075371 -65.512253
v 149.546219 28.075371 -65.512253
v 148.636993 26.075371 -66.258423
v 148.636993 28.075371 -66.258423
v 147.890823 26.075371 -67.167648
v 147.890823 28.075371 -67.167648
v 147.336365 26.075371 -68.204971
v 147.336365 28.075371 -68.204971
v 146.994934 26.075371 -69.330521
v 146.994934 28.075371 -69.330521
v 146.879639 26.075371 -70.501068
v 146.879639 28.075371 -70.501068
v 146.994919 26.075371 -71.671616
v 146.994919 28.075371 -71.671616
v 147.336365 26.075371 -72.797173
v 147.336365 28.075371 -72.797173
v 147.890823 26.075371 -73.834496
v 147.890823 28.075371 -73.834496
v 146.202133 26.078606 -55.332920
v 146.202133 28.078606 -55.332920
v 137.711487 26.078606 -63.823563
v 137.711487 28.078606 -63.823563
v 157.178177 26.078606 -66.308968
v 157.178177 28.078606 -66.308968
v 148.687531 26.078606 -74.799614
v 148.687531 28.078606 -74.799614
v 148.636993 36.056221 -74.743706
v 148.636993 38.056221 -74.743706
v 149.546219 36.056221 -75.489883
v 149.546219 38.056221 -75.489883
v 150.583542 36.056221 -76.044350
v 150.583542 38.056221 -76.044350
v 151.709091 36.056221 -76.385780
v 151.709091 38.056221 -76.385780
v 152.879639 36.056221 -76.501068
v 152.879639 38.056221 -76.501068
v 154.050171 36.056221 -76.385773
v 154.050171 38.056221 -76.385773
v 155.175735 36.056221 -76.044350
v 155.175735 38.056221 -76.044350
v 156.213058 36.056221 -75.489883
v 156.213058 38.056221 -75.489883
v 157.122269 36.056221 -74.743706
v 157.122269 38.056221 -74.743706
v 157.868454 36.056221 -73.834496
v 157.868454 38.056221 -73.834496
v 158.422928 36.056221 -72.797173
v 158.422928 38.056221 -72.797173
v 158.764343 36.056221 -71.671608
v 158.764343 38.056221 -71.671608
v 158.879639 36.056221 -70.501068
v 158.879639 38.056221 -70.501068
v 158.764343 36.056221 -69.330521
v 158.764343 38.056221 -69.330521
v 158.422913 36.056221 -68.204971
v 158.422913 38.056221 -68.204971
v 157.868454 36.056221 -67.167648
v 157.868454 38.056221 -67.167648
v 157.122269 36.056221 -66.258423
v 157.122269 38.056221 -66.258423
v 156.213058 36.056221 -65.512253
v 156.213058 38.056221 -65.512253
v 155.175735 36.056221 -64.957794
v 155.175735 38.056221 -64.957794
v 154.050171 36.056221 -64.616356
v 154.050171 38.056221 -64.616356
v 152.879639 36.056221 -64.501076
v 152.879639 38.056221 -64.501076
v 151.709091 36.056221 -64.616356
v 151.709091 38.056221 -64.616356
v 150.583542 36.056221 -64.957787
v 150.583542 38.056221 -64.957787
v 149.546219 36.056221 -65.512253
v 149.546219 38.056221 -65.512253
v 148.636993 36.056221 -66.258423
v 148.636993 38.056221 -66.258423
v 147.890823 36.056221 -67.167648
v 147.890823 38.056221 -67.167648
v 147.336365 36.056221 -68.204971
v 147.336365 38.056221 -68.204971
v 146.994934 36.056221 -69.330521
v 146.994934 38.056221 -69.330521
v 146.879639 36.056221 -70.501068
v 146.879639 38.056221 -70.501068
v 146.994919 36.056221 -71.671616
v 146.994919 38.056221 -71.671616
v 147.336365 36.056221 -72.797173
v 147.336365 38.056221 -72.797173
v 147.890823 36.056221 -73.834496
v 147.890823 38.056221 -73.834496
v 146.202133 36.059456 -55.332920
v 146.202133 38.059456 -55.332920
v 137.711487 36.059456 -63.823563
v 137.711487 38.059456 -63.823563
v 157.178177 36.059456 -66.308968
v 157.178177 38.059456 -66.308968
v 148.687531 36.059456 -74.799614
v 148.687531 38.059456 -74.799614
v 157.150467 36.056221 66.097023
v 157.896652 36.056221 67.006248
v 158.451111 36.056221 68.043571
v 158.792542 36.056221 69.169121
v 158.907837 36.056221 70.339668
v 158.792542 36.056221 71.510208
v 158.451111 36.056221 72.635773
v 157.896652 36.056221 73.673096
v 157.150467 36.056221 74.582306
v 156.241257 36.056221 75.328491
v 155.203934 36.056221 75.882957
v 154.078369 36.056221 76.224373
v 152.907837 36.056221 76.339668
v 151.737289 36.056221 76.224373
v 150.611740 36.056221 75.882950
v 149.574417 36.056221 75.328491
v 148.665192 36.056221 74.582306
v 147.919022 36.056221 73.673096
v 147.364563 36.056221 72.635765
v 147.023117 36.056221 71.510208
v 146.907837 36.056221 70.339676
v 147.023117 36.056221 69.169128
v 147.364548 36.056221 68.043571
v 147.919022 36.056221 67.006248
v 148.665192 36.056221 66.097023
v 149.574417 36.056221 65.350853
v 150.611740 36.056221 64.796394
v 151.737289 36.056221 64.454956
v 152.907837 36.056221 64.339676
v 154.078369 36.056221 64.454956
v 155.203934 36.056221 64.796394
v 156.241257 36.056221 65.350853
v 146.230331 38.070656 55.171524
v 137.739685 38.070656 63.662167
v 157.206375 38.070656 66.147575
v 148.715729 38.070656 74.638214
v 157.150467 38.067421 66.097023
v 157.896652 38.067421 67.006248
v 158.451111 38.067421 68.043571
v 158.792542 38.067421 69.169121
v 158.907837 38.067421 70.339668
v 158.792542 38.067421 71.510208
v 158.451111 38.067421 72.635773
v 157.896652 38.067421 73.673096
v 157.150467 38.067421 74.582306
v 156.241257 38.067421 75.328491
v 155.203934 38.067421 75.882957
v 154.078369 38.067421 76.224373
v 152.907837 38.067421 76.339668
v 151.737289 38.067421 76.224373
v 150.611740 38.067421 75.882950
v 149.574417 38.067421 75.328491
v 148.665192 38.067421 74.582306
v 147.919022 38.067421 73.673096
v 147.364563 38.067421 72.635765
v 147.023117 38.067421 71.510208
v 146.907837 38.067421 70.339676
v 147.023117 38.067421 69.169128
v 147.364548 38.067421 68.043571
v 147.919022 38.067421 67.006248
v 148.665192 38.067421 66.097023
v 149.574417 38.067421 65.350853
v 150.611740 38.067421 64.796394
v 151.737289 38.067421 64.454956
v 152.907837 38.067421 64.339676
v 154.078369 38.067421 64.454956
v 155.203934 38.067421 64.796394
v 156.241257 38.067421 65.350853
v 148.636993 38.020805 -74.743706
v 149.546219 38.020805 -75.489883
v 150.583542 38.020805 -76.044350
v 151.709091 38.020805 -76.385780
v 152.879639 38.020805 -76.501068
v 154.050171 38.020805 -76.385773
v 155.175735 38.020805 -76.044350
v 156.213058 38.020805 -75.489883
v 157.122269 38.020805 -74.743706
v 157.868454 38.020805 -73.834496
v 158.422928 38.020805 -72.797173
v 158.764343 38.020805 -71.671608
v 158.879639 38.020805 -70.501068
v 158.764343 38.020805 -69.330521
v 158.422913 38.020805 -68.204971
v 157.868454 38.020805 -67.167648
v 157.122269 38.020805 -66.258423
v 156.213058 38.020805 -65.512253
v 155.175735 38.020805 -64.957794
v 154.050171 38.020805 -64.616356
v 152.879639 38.020805 -64.501076
v 151.709091 38.020805 -64.616356
v 150.583542 38.020805 -64.957787
v 149.546219 38.020805 -65.512253
v 148.636993 38.020805 -66.258423
v 147.890823 38.020805 -67.167648
v 147.336365 38.020805 -68.204971
v 146.994934 38.020805 -69.330521
v 146.879639 38.020805 -70.501068
v 146.994919 38.020805 -71.671616
v 147.336365 38.020805 -72.797173
v 147.890823 38.020805 -73.834496
v 137.711487 38.024040 -63.823563
v 146.202133 38.024040 -55.332920
v 148.687531 38.024040 -74.799614
v 157.178177 38.024040 -66.308968
vn -0.0000 -1.0000 -0.0000
vn -0.0000 -0.0000 -1.0000
vn -1.0000 -0.0000 -0.0000
vn -0.0000 1.0000 -0.0000
vn 1.0000 -0.0000 -0.0000
vn 0.9752 0.2212 -0.0000
vn 0.9914 0.1305 -0.0000
vn -0.9914 0.1305 -0.0000
vn -0.9914 -0.1305 -0.0000
vn -0.9239 -0.3827 -0.0000
vn -0.7934 -0.6088 -0.0000
vn -0.6088 -0.7934 -0.0000
vn -0.3827 -0.9239 -0.0000
vn -0.1305 -0.9914 -0.0000
vn 0.1305 -0.9914 -0.0000
vn 0.3827 -0.9239 -0.0000
vn 0.6088 -0.7934 -0.0000
vn 0.7934 -0.6088 -0.0000
vn 0.9239 -0.3827 -0.0000
vn 0.9914 -0.1305 -0.0000
vn -0.9749 -0.2227 -0.0000
vn -0.5950 -0.8037 -0.0000
vn -0.8229 0.5682 -0.0000
vn -0.0008 1.0000 -0.0000
vn -0.4472 -0.8944 -0.0000
vn 0.3677 0.9300 -0.0000
vn -0.8727 -0.0000 0.4882
vn -0.0000 -0.0000 1.0000
vn 0.8727 -0.0000 0.4882
vn -0.0000 0.4703 0.8825
vn -0.0000 -0.4703 0.8825
vn -0.9952 -0.0980 -0.0000
vn -0.9569 -0.2903 -0.0000
vn -0.8819 -0.4714 -0.0000
vn -0.7730 -0.6344 -0.0000
vn -0.6344 -0.7730 -0.0000
vn -0.4714 -0.8819 -0.0000
vn -0.2903 -0.9569 -0.0000
vn -0.0980 -0.9952 -0.0000
vn 0.0980 -0.9952 -0.0000
vn 0.2903 -0.9569 -0.0000
vn 0.4714 -0.8819 -0.0000
vn 0.6344 -0.7730 -0.0000
vn 0.7730 -0.6344 -0.0000
vn 0.8819 -0.4714 -0.0000
vn 0.9569 -0.2903 -0.0000
vn 0.9952 -0.0980 -0.0000
vn 0.9952 0.0980 -0.0000
vn 0.9569 0.2903 -0.0000
vn 0.8819 0.4714 -0.0000
vn 0.7730 0.6344 -0.0000
vn 0.6344 0.7730 -0.0000
vn 0.4714 0.8819 -0.0000
vn 0.2903 0.9569 -0.0000
vn 0.0980 0.9952 -0.0000
vn -0.0980 0.9952 -0.0000
vn -0.2903 0.9569 -0.0000
vn -0.4714 0.8819 -0.0000
vn -0.6344 0.7730 -0.0000
vn -0.7730 0.6344 -0.0000
vn -0.8819 0.4714 -0.0000
vn -0.9569 0.2903 -0.0000
vn -0.9952 0.0980 -0.0000
vn -0.8727 -0.0000 -0.4882
vn 0.8727 -0.0000 -0.4882
vn -0.0000 0.4703 -0.8825
vn -0.0000 -0.4703 -0.8825
vn 0.0980 -0.0000 -0.9952
vn 0.2903 -0.0000 -0.9569
vn 0.4714 -0.0000 -0.8819
vn 0.6344 -0.0000 -0.7730
vn 0.7730 -0.0000 -0.6344
vn 0.8819 -0.0000 -0.4714
vn 0.9569 -0.0000 -0.2903
vn 0.9952 -0.0000 -0.0980
vn 0.9952 -0.0000 0.0980
vn 0.9569 -0.0000 0.2903
vn 0.8819 -0.0000 0.4714
vn 0.7730 -0.0000 0.6344
vn 0.6344 -0.0000 0.7730
vn 0.4714 -0.0000 0.8819
vn 0.2903 -0.0000 0.9569
vn 0.0980 -0.0000 0.9952
vn -0.0980 -0.0000 0.9952
vn -0.2903 -0.0000 0.9569
vn -0.4714 -0.0000 0.8819
vn -0.6344 -0.0000 0.7730
vn -0.7730 -0.0000 0.6344
vn -0.8819 -0.0000 0.4714
vn -0.9569 -0.0000 0.2903
vn -0.9952 -0.0000 0.0980
vn -0.9952 -0.0000 -0.0980
vn -0.9569 -0.0000 -0.2903
vn -0.8819 -0.0000 -0.4714
vn -0.7730 -0.0000 -0.6344
vn -0.6344 -0.0000 -0.7730
vn -0.4714 -0.0000 -0.8819
vn -0.2903 -0.0000 -0.9569
vn -0.0980 -0.0000 -0.9952
vn 0.2212 -0.9752 -0.0000
vn -0.2212 0.9752 -0.0000
vn -0.9952 -0.0000 -0.0981
vn -0.7071 -0.0000 -0.7071
vn 0.7071 -0.0000 -0.7071
vn 0.7071 -0.0000 0.7071
vn -0.7071 -0.0000 0.7071
vt 0.297952 0.500000
vt 0.375000 0.500000
vt 0.250000 0.500000
vt 0.288297 0.500000
vt 0.326594 0.500000
vt 0.365179 0.500000
vt 0.297952 0.500000
vt 0.750000 0.500000
vt 0.365179 0.737205
vt 0.375000 0.737205
vt 0.375000 0.750000
vt 0.365179 0.750000
vt 0.500000 0.737205
vt 0.625000 0.737205
vt 0.625000 0.750000
vt 0.500000 0.750000
vt 0.375000 0.490179
vt 0.625000 0.490179
vt 0.625000 0.500000
vt 0.625000 0.500000
vt 0.483177 0.500000
vt 0.403653 0.500000
vt 0.434810 0.500000
vt 0.463843 0.500000
vt 0.488774 0.500000
vt 0.507905 0.500000
vt 0.519931 0.500000
vt 0.524033 0.500000
vt 0.519931 0.500000
vt 0.507905 0.500000
vt 0.488774 0.500000
vt 0.463843 0.500000
vt 0.434810 0.500000
vt 0.500000 0.875000
vt 0.625000 0.875000
vt 0.375000 0.529009
vt 0.483336 0.588933
vt 0.480146 0.573096
vt 0.470792 0.558338
vt 0.455913 0.545666
vt 0.436522 0.535942
vt 0.413940 0.529829
vt 0.389707 0.527744
vt 0.297884 0.648856
vt 0.375000 0.648856
vt 0.375000 0.702100
vt 0.365179 0.702100
vt 0.326594 0.702100
vt 0.288297 0.702100
vt 0.250000 0.702100
vt 0.297884 0.529009
vt 0.750000 0.705191
vt 0.500000 0.702100
vt 0.625000 0.702100
vt 0.750000 0.734997
vt 0.625000 0.581653
vt 0.625000 0.581679
vt 0.634821 0.705191
vt 0.625000 0.705191
vt 0.634821 0.702100
vt 0.625000 0.734997
vt 0.625000 0.715048
vt 0.625000 0.719658
vt 1.000000 0.500000
vt 0.961681 0.500000
vt 0.961681 0.900649
vt 1.000000 0.900649
vt 0.500000 0.500000
vt 0.500000 0.900649
vt 0.538318 0.900649
vt 0.538318 0.500000
vt 0.458333 0.500000
vt 0.458333 0.900649
vt 0.416666 0.500000
vt 0.416666 0.900649
vt 0.375000 0.500000
vt 0.375000 0.900649
vt 0.333333 0.500000
vt 0.333333 0.900649
vt 0.291667 0.500000
vt 0.291667 0.900649
vt 0.250000 0.500000
vt 0.250000 0.900649
vt 0.208333 0.500000
vt 0.208333 0.900649
vt 0.166666 0.500000
vt 0.166666 0.900649
vt 0.125000 0.500000
vt 0.125000 0.900649
vt 0.083333 0.500000
vt 0.083333 0.900649
vt 0.041666 0.500000
vt 0.041666 0.900649
vt -0.000000 0.500000
vt -0.000000 0.900649
vt 0.957846 0.370000
vt 0.981822 0.312117
vt 0.990000 0.250000
vt 0.981822 0.187883
vt 0.957846 0.130000
vt 0.919706 0.080294
vt 0.870000 0.042154
vt 0.812117 0.018178
vt 0.750000 0.010000
vt 0.807125 0.017521
vt 0.692875 0.482479
vt 0.750000 0.490000
vt 0.687883 0.481822
vt 0.870000 0.457846
vt 0.919706 0.419706
vt 0.974712 0.901005
vt 1.000000 0.901005
vt 0.974712 0.500000
vt 0.500000 0.901005
vt 0.525288 0.901005
vt 0.525288 0.500000
vt 0.458333 0.901005
vt 0.416666 0.901005
vt 0.375000 0.901005
vt 0.333333 0.901005
vt 0.291667 0.901005
vt 0.250000 0.901004
vt 0.260092 0.901004
vt 0.208333 0.901005
vt 0.166666 0.901005
vt 0.125000 0.901005
vt 0.083333 0.901005
vt 0.041666 0.901005
vt -0.000000 0.901005
vt 0.787700 0.014963
vt 0.712300 0.485037
vt 0.630000 0.457846
vt 0.580294 0.419706
vt 0.625000 0.678804
vt 0.625000 0.691045
vt 0.625000 0.518251
vt 0.625000 0.511415
vt 0.625000 0.511415
vt 0.625000 0.555697
vt 0.625000 0.616297
vt 0.625000 0.676897
vt 0.625000 0.578108
vt 0.375000 0.250000
vt 0.625000 0.250000
vt 0.625000 1.000000
vt 0.375000 1.000000
vt 0.125000 0.500000
vt 0.125000 0.750000
vt 0.875000 0.500000
vt 0.875000 0.750000
vt 0.375000 0.000000
vt 0.625000 0.000000
vt 0.311679 0.569567
vt 0.230373 0.652728
vt 0.233721 0.653627
vt 0.247313 0.654811
vt 0.260905 0.653627
vt 0.273974 0.650118
vt 0.282933 0.645881
vt 0.286019 0.644421
vt 0.296577 0.636754
vt 0.305241 0.627412
vt 0.311679 0.616753
vt 0.315644 0.605188
vt 0.316982 0.593160
vt 0.315644 0.581133
vt 0.220652 0.650118
vt 0.306890 0.561639
vt 0.305241 0.558909
vt 0.296577 0.549567
vt 0.286019 0.541900
vt 0.273974 0.536202
vt 0.260905 0.532694
vt 0.247313 0.531510
vt 0.233721 0.532694
vt 0.220652 0.536202
vt 0.208607 0.541900
vt 0.198049 0.549567
vt 0.189385 0.558909
vt 0.184596 0.566837
vt 0.182947 0.569567
vt 0.178982 0.581133
vt 0.177644 0.593160
vt 0.178982 0.605188
vt 0.182947 0.616753
vt 0.189385 0.627412
vt 0.198049 0.636754
vt 0.208607 0.644421
vt 0.726026 0.650118
vt 0.739095 0.653627
vt 0.752687 0.654811
vt 0.766279 0.653627
vt 0.771031 0.652351
vt 0.779348 0.650118
vt 0.791393 0.644421
vt 0.801951 0.636754
vt 0.810615 0.627412
vt 0.817053 0.616753
vt 0.821018 0.605188
vt 0.822356 0.593160
vt 0.821018 0.581133
vt 0.817053 0.569567
vt 0.814712 0.565691
vt 0.713981 0.644421
vt 0.718361 0.646493
vt 0.810615 0.558909
vt 0.801951 0.549566
vt 0.791393 0.541900
vt 0.779348 0.536202
vt 0.766279 0.532694
vt 0.752687 0.531510
vt 0.739095 0.532694
vt 0.726026 0.536202
vt 0.713981 0.541900
vt 0.703423 0.549567
vt 0.694759 0.558909
vt 0.692418 0.562785
vt 0.688321 0.569567
vt 0.684356 0.581133
vt 0.683018 0.593160
vt 0.684356 0.605188
vt 0.688321 0.616753
vt 0.694759 0.627412
vt 0.703423 0.636754
vt 1.000000 1.000000
vt 0.968750 1.000000
vt 0.968750 0.500000
vt 0.937500 1.000000
vt 0.937500 0.500000
vt 0.906250 1.000000
vt 0.906250 0.500000
vt 0.875000 1.000000
vt 0.843750 1.000000
vt 0.843750 0.500000
vt 0.812500 1.000000
vt 0.812500 0.500000
vt 0.781250 1.000000
vt 0.781250 0.500000
vt 0.750000 1.000000
vt 0.718750 1.000000
vt 0.718750 0.500000
vt 0.687500 1.000000
vt 0.687500 0.500000
vt 0.656250 1.000000
vt 0.656250 0.500000
vt 0.593750 1.000000
vt 0.593750 0.500000
vt 0.562500 1.000000
vt 0.562500 0.500000
vt 0.531250 1.000000
vt 0.531250 0.500000
vt 0.500000 1.000000
vt 0.500000 0.500000
vt 0.468750 1.000000
vt 0.468750 0.500000
vt 0.437500 1.000000
vt 0.437500 0.500000
vt 0.406250 1.000000
vt 0.406250 0.500000
vt 0.343750 1.000000
vt 0.343750 0.500000
vt 0.312500 1.000000
vt 0.312500 0.500000
vt 0.281250 1.000000
vt 0.281250 0.500000
vt 0.250000 1.000000
vt 0.218750 1.000000
vt 0.218750 0.500000
vt 0.187500 1.000000
vt 0.187500 0.500000
vt 0.156250 1.000000
vt 0.156250 0.500000
vt 0.125000 1.000000
vt 0.093750 1.000000
vt 0.093750 0.500000
vt 0.062500 1.000000
vt 0.062500 0.500000
vt 0.028269 0.341844
vt 0.014612 0.296822
vt 0.010000 0.250000
vt 0.014612 0.203178
vt 0.028269 0.158156
vt 0.050447 0.116663
vt 0.080294 0.080294
vt 0.116663 0.050447
vt 0.158156 0.028269
vt 0.203178 0.014612
vt 0.250000 0.010000
vt 0.296822 0.014612
vt 0.341844 0.028269
vt 0.383337 0.050447
vt 0.419706 0.080294
vt 0.449553 0.116663
vt 0.471731 0.158156
vt 0.485388 0.203178
vt 0.490000 0.250000
vt 0.485388 0.296822
vt 0.471731 0.341844
vt 0.449553 0.383337
vt 0.419706 0.419706
vt 0.383337 0.449553
vt 0.341844 0.471731
vt 0.296822 0.485388
vt 0.250000 0.490000
vt 0.203178 0.485388
vt 0.158156 0.471731
vt 0.116663 0.449553
vt 0.080294 0.419706
vt 0.050447 0.383337
vt 0.031250 1.000000
vt 0.031250 0.500000
vt 0.000000 1.000000
vt 0.000000 0.500000
vt 0.703178 0.485388
vt 0.796822 0.485388
vt 0.841844 0.471731
vt 0.883337 0.449553
vt 0.949553 0.383337
vt 0.971731 0.341844
vt 0.985388 0.296822
vt 0.985388 0.203178
vt 0.971731 0.158156
vt 0.949553 0.116663
vt 0.919706 0.080294
vt 0.883337 0.050447
vt 0.841844 0.028269
vt 0.796822 0.014612
vt 0.703178 0.014612
vt 0.658156 0.028269
vt 0.616663 0.050447
vt 0.580294 0.080294
vt 0.550447 0.116663
vt 0.528269 0.158156
vt 0.514612 0.203178
vt 0.510000 0.250000
vt 0.514612 0.296822
vt 0.528269 0.341844
vt 0.550447 0.383337
vt 0.616663 0.449553
vt 0.658156 0.471731
vt 0.364850 0.500000
vt 0.326950 0.500000
vt 0.288475 0.500000
vt 0.364850 0.737205
vt 0.364850 0.750000
vt 0.375000 0.489850
vt 0.625000 0.489850
vt 0.483253 0.500000
vt 0.389707 0.650121
vt 0.461271 0.702100
vt 0.465567 0.702100
vt 0.496158 0.702100
vt 0.625000 0.601050
vt 0.625000 0.581663
vt 0.482550 0.592837
vt 0.480146 0.604769
vt 0.470792 0.619527
vt 0.455913 0.632200
vt 0.436522 0.641924
vt 0.413940 0.648036
vt 0.288475 0.702100
vt 0.326950 0.702100
vt 0.364850 0.702100
vt 0.625000 0.578090
vt 0.625000 0.578090
vt 0.635150 0.705191
vt 0.635150 0.702100
vt 0.625000 0.705191
vt 0.260271 0.901004
vt 0.625000 0.581656
vt 0.625000 0.581667
vt 0.226026 0.650118
vt 0.315404 0.566837
vt 0.317053 0.569567
vt 0.321018 0.581133
vt 0.322356 0.593160
vt 0.321018 0.605188
vt 0.317053 0.616753
vt 0.310615 0.627412
vt 0.301951 0.636754
vt 0.291393 0.644421
vt 0.279348 0.650118
vt 0.269627 0.652728
vt 0.266279 0.653627
vt 0.252687 0.654811
vt 0.239095 0.653627
vt 0.310615 0.558909
vt 0.217067 0.645881
vt 0.213981 0.644421
vt 0.203423 0.636754
vt 0.194759 0.627412
vt 0.188321 0.616753
vt 0.184356 0.605188
vt 0.183018 0.593160
vt 0.184356 0.581133
vt 0.188321 0.569567
vt 0.193110 0.561640
vt 0.194759 0.558909
vt 0.203423 0.549566
vt 0.213981 0.541900
vt 0.226026 0.536202
vt 0.239095 0.532694
vt 0.252687 0.531510
vt 0.266279 0.532694
vt 0.279348 0.536202
vt 0.291393 0.541900
vt 0.301951 0.549567
vt 0.733721 0.653627
vt 0.728969 0.652351
vt 0.811679 0.569567
vt 0.815644 0.581133
vt 0.816982 0.593160
vt 0.815644 0.605188
vt 0.811679 0.616753
vt 0.805241 0.627412
vt 0.796577 0.636754
vt 0.786019 0.644421
vt 0.781639 0.646493
vt 0.773974 0.650118
vt 0.760905 0.653627
vt 0.747313 0.654811
vt 0.805241 0.558909
vt 0.807582 0.562785
vt 0.720652 0.650118
vt 0.708607 0.644421
vt 0.698049 0.636754
vt 0.689385 0.627412
vt 0.682947 0.616753
vt 0.678982 0.605188
vt 0.677644 0.593160
vt 0.678982 0.581133
vt 0.682947 0.569568
vt 0.685288 0.565691
vt 0.689385 0.558909
vt 0.698049 0.549567
vt 0.708607 0.541900
vt 0.720652 0.536202
vt 0.733721 0.532694
vt 0.747313 0.531510
vt 0.760905 0.532694
vt 0.773974 0.536202
vt 0.786019 0.541900
vt 0.796577 0.549566
vt 1.000000 0.628100
vt 0.968750 0.628100
vt 0.968750 0.681823
vt 1.000000 0.681823
vt 0.937500 0.628100
vt 0.937500 0.681823
vt 0.906250 0.628100
vt 0.906250 0.681823
vt 0.875000 0.628100
vt 0.875000 0.681823
vt 0.843750 0.628100
vt 0.843750 0.681823
vt 0.835743 0.628100
vt 0.812500 0.628100
vt 0.812500 0.681823
vt 0.832387 0.681823
vt 0.781250 0.628100
vt 0.781250 0.681823
vt 0.750000 0.628100
vt 0.750000 0.681823
vt 0.718750 0.628100
vt 0.718750 0.681823
vt 0.687500 0.681823
vt 0.707386 0.681823
vt 0.710744 0.628100
vt 0.687500 0.628100
vt 0.656250 0.628100
vt 0.656250 0.681823
vt 0.625000 0.628100
vt 0.625000 0.681823
vt 0.593750 0.628100
vt 0.593750 0.681823
vt 0.562500 0.628100
vt 0.562500 0.681823
vt 0.531250 0.628100
vt 0.531250 0.681823
vt 0.500000 0.628100
vt 0.500000 0.681823
vt 0.468750 0.628100
vt 0.468750 0.681823
vt 0.437500 0.628100
vt 0.437500 0.681823
vt 0.429494 0.628100
vt 0.406250 0.628100
vt 0.406250 0.681823
vt 0.426136 0.681823
vt 0.375000 0.628100
vt 0.375000 0.681823
vt 0.343750 0.628100
vt 0.343750 0.681823
vt 0.312500 0.628100
vt 0.312500 0.681823
vt 0.281250 0.628100
vt 0.281250 0.681823
vt 0.250000 0.628100
vt 0.250000 0.681823
vt 0.218750 0.628100
vt 0.218750 0.681823
vt 0.187500 0.628100
vt 0.187500 0.681823
vt 0.156250 0.628100
vt 0.156250 0.681823
vt 0.125000 0.628100
vt 0.125000 0.681823
vt 0.093750 0.628100
vt 0.093750 0.681823
vt 0.062500 0.628100
vt 0.062500 0.681823
vt 0.082387 0.681823
vt 0.085745 0.628100
vt 0.031250 0.628100
vt 0.031250 0.681823
vt 0.000000 0.628100
vt 0.000000 0.681823
vt 0.673050 0.705191
vt 0.673050 0.702100
vt 0.635149 0.500000
vt 0.635150 0.500000
vt 0.326950 0.737205
vt 0.635150 0.750000
vt 0.635150 0.737205
vt 0.500000 0.760150
vt 0.625000 0.760150
vt 0.375000 0.451950
vt 0.625000 0.451950
vt 0.326950 0.750000
vt 0.635150 0.500000
vt 0.250000 0.737205
vt 0.250000 0.750000
vt 0.375000 0.375000
vt 0.625000 0.375000
vt 0.711525 0.500000
vt 0.711525 0.702100
vt 0.750000 0.702100
vt 0.711525 0.737205
vt 0.711525 0.750000
vt 0.750000 0.750000
vt 0.750000 0.737205
vt 0.500000 0.836525
vt 0.625000 0.836525
vt 0.711703 0.705191
vt 0.635150 0.734997
vt 0.673050 0.737205
vt 0.673050 0.734997
vt 0.673406 0.705191
vt 0.673406 0.702100
vt 0.634821 0.500000
vt 0.326594 0.737205
vt 0.634821 0.737205
vt 0.634821 0.750000
vt 0.625000 0.759821
vt 0.500000 0.759821
vt 0.375000 0.451594
vt 0.625000 0.451594
vt 0.326594 0.750000
vt 0.250000 0.737205
vt 0.250000 0.750000
vt 0.711703 0.500000
vt 0.711703 0.702100
vt 0.711703 0.737205
vt 0.711703 0.750000
vt 0.500000 0.836703
vt 0.625000 0.836703
vt 0.711525 0.734997
vt 0.634821 0.734997
vt 0.673406 0.737205
vt 0.673406 0.734997
vt 0.673050 0.705191
vt 0.496158 0.836703
vt 0.496158 0.875000
vt 0.496158 0.750000
vt 0.496158 0.759821
vt 0.496158 0.836525
vt 0.496158 0.750000
vt 0.496158 0.760150
vt 0.496158 0.737205
vt 0.248079 0.437500
vt 0.496158 0.702100
vt 0.461271 0.737205
vt 0.461271 0.750000
vt 0.375000 0.875000
vt 0.461271 0.875000
vt 0.452952 0.859218
vt 0.375000 0.875000
vt 0.461271 0.875000
vt 0.375000 0.760150
vt 0.461271 0.760149
vt 0.375000 0.836525
vt 0.461271 0.836525
vt 0.461271 0.759821
vt 0.375000 0.759821
vt 0.375000 0.836703
vt 0.461271 0.836703
vt 0.375000 0.798050
vt 0.461271 0.798050
vt 0.496158 0.798050
vt 0.500000 0.798050
vt 0.711525 0.705191
vt 0.711525 0.705191
vt 0.673050 0.500000
vt 0.625000 0.798050
vt 0.673050 0.750000
vt 0.673050 0.500000
vt 0.288475 0.737205
vt 0.288475 0.750000
vt 0.375000 0.413475
vt 0.625000 0.413475
vt 0.461271 0.798406
vt 0.375000 0.798406
vt 0.500000 0.798406
vt 0.496158 0.798406
vt 0.711703 0.734997
vt 0.711703 0.734997
vt 0.673406 0.500000
vt 0.625000 0.798406
vt 0.673406 0.750000
vt 0.288297 0.737205
vt 0.288297 0.750000
vt 0.375000 0.413297
vt 0.625000 0.413297
vt 0.625000 0.578081
vt 0.482563 0.592768
vt 0.465567 0.798050
vt 0.465567 0.836525
vt 0.465567 0.798406
vt 0.465567 0.836703
vt 0.465567 0.759821
vt 0.465567 0.760149
vt 0.465567 0.737205
vt 0.465567 0.750000
vt 0.465567 0.875000
vt 0.028109 0.052828
vt 0.465567 0.875000
vt 0.296822 0.485388
vt 0.203178 0.485388
vt 0.158156 0.471731
vt 0.116663 0.449553
vt 0.080294 0.419706
vt 0.050447 0.383337
vt 0.028269 0.341844
vt 0.014612 0.296822
vt 0.014612 0.203178
vt 0.028269 0.158156
vt 0.050447 0.116663
vt 0.080294 0.080294
vt 0.116663 0.050447
vt 0.158156 0.028269
vt 0.203178 0.014612
vt 0.296822 0.014612
vt 0.341844 0.028269
vt 0.383337 0.050447
vt 0.419706 0.080294
vt 0.449553 0.116663
vt 0.471731 0.158156
vt 0.485388 0.203178
vt 0.485388 0.296822
vt 0.471731 0.341844
vt 0.449553 0.383337
vt 0.419706 0.419706
vt 0.383337 0.449553
vt 0.341844 0.471731
vt 0.796822 0.485388
vt 0.841844 0.471731
vt 0.883337 0.449553
vt 0.919706 0.419706
vt 0.949553 0.383337
vt 0.971731 0.341844
vt 0.985389 0.296822
vt 0.985389 0.203178
vt 0.971731 0.158156
vt 0.949553 0.116663
vt 0.919706 0.080294
vt 0.883337 0.050447
vt 0.841844 0.028269
vt 0.796822 0.014612
vt 0.703178 0.014612
vt 0.658156 0.028269
vt 0.616663 0.050447
vt 0.580294 0.080294
vt 0.550447 0.116663
vt 0.528269 0.158156
vt 0.514612 0.203178
vt 0.514612 0.296822
vt 0.528269 0.341844
vt 0.550447 0.383337
vt 0.580294 0.419706
vt 0.616663 0.449553
vt 0.658156 0.471731
vt 0.703178 0.485388
vt 0.296822 0.485388
vt 0.203178 0.485388
vt 0.158156 0.471731
vt 0.116663 0.449553
vt 0.080294 0.419706
vt 0.050447 0.383337
vt 0.014612 0.296822
vt 0.014612 0.203178
vt 0.028269 0.158156
vt 0.050447 0.116663
vt 0.080294 0.080295
vt 0.116663 0.050447
vt 0.158156 0.028269
vt 0.203178 0.014612
vt 0.296822 0.014612
vt 0.341844 0.028269
vt 0.383337 0.050447
vt 0.419706 0.080295
vt 0.449553 0.116663
vt 0.471731 0.158156
vt 0.485388 0.203178
vt 0.485388 0.296822
vt 0.449553 0.383337
vt 0.419706 0.419706
vt 0.383337 0.449553
vt 0.796822 0.485388
vt 0.883337 0.449553
vt 0.919706 0.419706
vt 0.949553 0.383337
vt 0.985388 0.296822
vt 0.985388 0.203178
vt 0.971731 0.158156
vt 0.949553 0.116663
vt 0.919706 0.080295
vt 0.883337 0.050447
vt 0.841844 0.028269
vt 0.796822 0.014612
vt 0.703178 0.014612
vt 0.658156 0.028269
vt 0.616663 0.050447
vt 0.580294 0.080295
vt 0.550447 0.116663
vt 0.528269 0.158156
vt 0.514612 0.203178
vt 0.514612 0.296822
vt 0.550447 0.383337
vt 0.580294 0.419706
vt 0.616663 0.449553
vt 0.703178 0.485388
s 0
usemtl black
f 54/1/1 51/2/1 8/2/1 7/3/1 10/3/1 611/3/1 716/4/1 703/5/1 601/6/1 3/2/1 52/2/1 53/7/1
f 609/8/1 13/8/1 6/8/1 617/8/1
f 602/9/1 21/10/1 5/11/1 604/12/1
f 601/17/3 599/18/3 2/19/3 3/2/3
f 52/2/2 3/2/2 2/19/2 9/20/2 754/21/2 8/2/2 51/2/2 63/22/2 64/23/2 65/24/2 66/25/2 67/26/2 55/27/2 57/28/2 56/29/2 62/30/2 59/31/2 58/32/2 61/33/2 60/22/2
f 670/34/3 612/35/3 11/35/3 662/34/3
f 81/36/2 8/2/2 754/21/2 82/37/2 69/38/2 68/39/2 72/40/2 70/41/2 71/42/2 80/43/2
f 84/44/1 73/45/1 14/46/1 606/47/1 706/48/1 719/49/1 614/50/1 16/50/1 7/3/1 8/2/1 81/36/1 83/51/1
f 25/52/4 17/52/4 635/52/4 634/52/4
f 606/47/1 14/46/1 21/10/1 602/9/1
f 17/52/4 633/55/4 636/55/4 635/52/4
f 617/8/5 6/8/5 22/8/5 618/8/5
f 1/64/7 53/65/7 52/66/7 60/67/7
f 26/68/8 63/69/8 51/70/8 54/71/8
f 26/68/9 27/72/9 64/73/9 63/69/9
f 27/72/10 28/74/10 65/75/10 64/73/10
f 28/74/11 29/76/11 66/77/11 65/75/11
f 29/76/12 30/78/12 67/79/12 66/77/12
f 30/78/13 31/80/13 55/81/13 67/79/13
f 31/80/14 32/82/14 57/83/14 55/81/14
f 32/82/15 33/84/15 56/85/15 57/83/15
f 33/84/16 34/86/16 62/87/16 56/85/16
f 34/86/17 35/88/17 59/89/17 62/87/17
f 35/88/18 36/90/18 58/91/18 59/89/18
f 36/90/19 37/92/19 61/93/19 58/91/19
f 37/92/20 1/94/20 60/95/20 61/93/20
f 34/96/2 33/97/2 32/98/2 31/99/2 30/100/2 29/101/2 28/102/2 27/103/2 26/104/2 54/105/2 53/106/2 1/107/2 37/108/2 36/109/2 35/110/2
f 81/111/7 80/112/7 38/64/7 83/113/7
f 39/68/8 74/114/8 73/115/8 84/116/8
f 39/68/9 40/72/9 75/117/9 74/114/9
f 40/72/10 41/74/10 76/118/10 75/117/10
f 41/74/11 42/76/11 77/119/11 76/118/11
f 42/76/12 43/78/12 78/120/12 77/119/12
f 43/78/13 44/80/13 79/121/13 78/120/13
f 44/80/14 45/82/14 82/122/14 759/123/14 79/121/14
f 45/82/15 46/84/15 69/124/15 82/122/15
f 46/84/16 47/86/16 68/125/16 69/124/16
f 47/86/17 48/88/17 72/126/17 68/125/17
f 48/88/18 49/90/18 70/127/18 72/126/18
f 49/90/19 50/92/19 71/128/19 70/127/19
f 50/92/20 38/94/20 80/129/20 71/128/20
f 47/96/2 46/97/2 45/98/2 44/99/2 43/100/2 42/101/2 41/102/2 40/103/2 39/104/2 84/130/2 83/131/2 38/107/2 50/108/2 49/132/2 48/133/2
f 91/136/26 92/137/26 102/137/26 101/136/26
f 111/2/2 112/19/2 110/15/2 109/11/2
f 109/11/5 110/15/5 106/145/5 105/146/5
f 107/147/1 111/2/1 109/11/1 105/148/1
f 112/19/4 108/149/4 106/150/4 110/15/4
f 108/144/27 107/143/27 113/143/27 116/144/27
f 114/151/28 115/152/28 116/144/28 113/143/28
f 105/146/29 106/145/29 115/145/29 114/146/29
f 106/150/30 108/149/30 116/149/30 115/150/30
f 107/147/31 105/148/31 114/148/31 113/147/31
f 117/151/2 118/152/2 120/144/2 119/143/2
f 119/143/5 120/144/5 124/19/5 123/2/5
f 123/2/28 124/19/28 122/15/28 121/11/28
f 121/11/3 122/15/3 118/145/3 117/146/3
f 433/153/1 123/2/1 121/11/1 117/148/1 447/154/1 446/155/1 444/156/1 445/157/1 443/158/1 420/159/1 435/160/1 428/161/1 426/162/1 431/163/1 432/164/1 429/165/1 430/166/1
f 448/167/1 117/148/1 119/147/1 123/2/1 425/168/1 427/169/1 424/170/1 434/171/1 419/172/1 423/173/1 422/174/1 421/175/1 418/176/1 417/177/1 416/178/1 415/179/1 439/180/1 442/181/1 438/182/1 436/183/1 437/184/1 441/185/1 440/186/1 450/187/1 449/188/1
f 120/149/4 118/150/4 122/15/4 483/189/4 482/190/4 474/191/4 475/192/4 473/193/4 462/194/4 461/195/4 459/196/4 456/197/4 452/198/4 453/199/4 451/200/4 454/201/4 455/202/4 458/203/4
f 485/204/4 484/205/4 122/15/4 124/19/4 120/149/4 457/206/4 460/207/4 472/208/4 463/209/4 464/210/4 465/211/4 471/212/4 470/213/4 469/214/4 468/215/4 467/216/4 466/217/4 477/218/4 480/219/4 478/220/4 479/221/4 481/222/4 476/223/4 486/224/4
f 125/64/32 126/225/32 128/226/32 127/227/32
f 127/227/33 128/226/33 130/228/33 129/229/33
f 129/229/34 130/228/34 132/230/34 131/231/34
f 131/231/35 132/230/35 134/232/35 133/149/35
f 133/149/36 134/232/36 136/233/36 135/234/36
f 135/234/37 136/233/37 138/235/37 137/236/37
f 137/236/38 138/235/38 140/237/38 139/238/38
f 139/238/39 140/237/39 142/239/39 141/8/39
f 141/8/40 142/239/40 144/240/40 143/241/40
f 143/241/41 144/240/41 146/242/41 145/243/41
f 145/243/42 146/242/42 148/244/42 147/245/42
f 147/245/43 148/244/43 150/145/43 149/19/43
f 149/19/44 150/145/44 152/246/44 151/247/44
f 151/247/45 152/246/45 154/248/45 153/249/45
f 153/249/46 154/248/46 156/250/46 155/251/46
f 155/251/47 156/250/47 158/252/47 157/253/47
f 157/253/48 158/252/48 160/254/48 159/255/48
f 159/255/49 160/254/49 162/256/49 161/257/49
f 161/257/50 162/256/50 164/258/50 163/259/50
f 163/259/51 164/258/51 166/146/51 165/2/51
f 165/2/52 166/146/52 168/260/52 167/261/52
f 167/261/53 168/260/53 170/262/53 169/263/53
f 169/263/54 170/262/54 172/264/54 171/265/54
f 171/265/55 172/264/55 174/266/55 173/3/55
f 173/3/56 174/266/56 176/267/56 175/268/56
f 175/268/57 176/267/57 178/269/57 177/270/57
f 177/270/58 178/269/58 180/271/58 179/272/58
f 179/272/59 180/271/59 182/273/59 181/147/59
f 181/147/60 182/273/60 184/274/60 183/275/60
f 183/275/61 184/274/61 186/276/61 185/277/61
f 178/278/2 176/279/2 174/280/2 172/281/2 170/282/2 168/283/2 166/284/2 164/285/2 162/286/2 160/287/2 158/288/2 156/289/2 154/290/2 152/291/2 150/292/2 148/293/2 146/294/2 144/295/2 142/296/2 140/297/2 138/298/2 136/299/2 134/300/2 132/301/2 130/302/2 128/303/2 126/304/2 188/305/2 186/306/2 184/307/2 182/308/2 180/309/2
f 185/277/62 186/276/62 188/310/62 187/311/62
f 187/311/63 188/310/63 126/312/63 125/313/63
f 187/314/28 125/107/28 127/315/28 129/316/28 131/317/28 133/110/28 135/318/28 137/319/28 139/320/28 141/98/28 143/321/28 145/322/28 147/323/28 149/324/28 151/325/28 153/326/28 155/327/28 157/104/28 159/328/28 161/329/28 163/330/28 165/331/28 167/332/28 169/333/28 171/334/28 173/335/28 175/336/28 177/337/28 179/338/28 181/133/28 183/339/28 185/340/28
f 189/64/32 190/225/32 192/226/32 191/227/32
f 191/227/33 192/226/33 194/228/33 193/229/33
f 193/229/34 194/228/34 196/230/34 195/231/34
f 195/231/35 196/230/35 198/232/35 197/149/35
f 197/149/36 198/232/36 200/233/36 199/234/36
f 199/234/37 200/233/37 202/235/37 201/236/37
f 201/236/38 202/235/38 204/237/38 203/238/38
f 203/238/39 204/237/39 206/239/39 205/8/39
f 205/8/40 206/239/40 208/240/40 207/241/40
f 207/241/41 208/240/41 210/242/41 209/243/41
f 209/243/42 210/242/42 212/244/42 211/245/42
f 211/245/43 212/244/43 214/145/43 213/19/43
f 213/19/44 214/145/44 216/246/44 215/247/44
f 215/247/45 216/246/45 218/248/45 217/249/45
f 217/249/46 218/248/46 220/250/46 219/251/46
f 219/251/47 220/250/47 222/252/47 221/253/47
f 221/253/48 222/252/48 224/254/48 223/255/48
f 223/255/49 224/254/49 226/256/49 225/257/49
f 225/257/50 226/256/50 228/258/50 227/259/50
f 227/259/51 228/258/51 230/146/51 229/2/51
f 229/2/52 230/146/52 232/260/52 231/261/52
f 231/261/53 232/260/53 234/262/53 233/263/53
f 233/263/54 234/262/54 236/264/54 235/265/54
f 235/265/55 236/264/55 238/266/55 237/3/55
f 237/3/56 238/266/56 240/267/56 239/268/56
f 239/268/57 240/267/57 242/269/57 241/270/57
f 241/270/58 242/269/58 244/271/58 243/272/58
f 243/272/59 244/271/59 246/273/59 245/147/59
f 245/147/60 246/273/60 248/274/60 247/275/60
f 247/275/61 248/274/61 250/276/61 249/277/61
f 210/294/2 208/295/2 206/296/2 204/297/2 202/298/2 200/299/2 198/300/2 196/301/2 194/302/2 192/303/2 190/304/2 252/305/2 250/306/2 248/307/2 246/308/2 244/309/2 242/278/2 240/279/2 238/280/2 236/281/2 234/282/2 232/283/2 230/284/2 228/285/2 226/286/2 224/287/2 222/288/2 220/289/2 218/290/2 216/291/2 214/292/2 212/293/2
f 249/277/62 250/276/62 252/310/62 251/311/62
f 251/311/63 252/310/63 190/312/63 189/313/63
f 251/314/28 189/107/28 191/315/28 193/316/28 195/317/28 197/110/28 199/318/28 201/319/28 203/320/28 205/98/28 207/321/28 209/322/28 211/323/28 213/324/28 215/325/28 217/326/28 219/327/28 221/104/28 223/328/28 225/329/28 227/330/28 229/331/28 231/332/28 233/333/28 235/334/28 237/335/28 239/336/28 241/337/28 243/338/28 245/133/28 247/339/28 249/340/28
f 293/7/1 292/2/1 255/2/1 573/341/1 682/342/1 730/343/1 583/3/1 10/3/1 7/3/1 258/2/1 291/2/1 294/1/1
f 590/8/4 589/8/4 6/8/4 13/8/4
f 577/344/1 574/345/1 257/11/1 263/10/1
f 573/346/3 255/2/3 254/19/3 580/347/3
f 291/2/28 258/2/28 747/348/28 259/20/28 254/19/28 255/2/28 292/2/28 300/22/28 301/33/28 298/32/28 299/31/28 302/30/28 296/29/28 297/28/28 295/27/28 307/26/28 306/25/28 305/24/28 304/23/28 303/22/28
f 668/34/5 662/34/5 11/35/5 586/35/5
f 628/55/4 597/55/4 20/55/4 633/55/4
f 323/51/1 321/36/1 258/2/1 7/3/1 16/50/1 592/50/1 739/361/1 691/362/1 582/363/1 260/46/1 313/45/1 324/44/1
f 582/363/1 577/344/1 263/10/1 260/46/1
f 644/151/3 645/152/3 647/144/3 646/143/3
f 589/8/3 588/8/3 22/8/3 6/8/3
f 253/64/7 300/67/7 292/66/7 293/65/7
f 266/68/8 294/71/8 291/70/8 303/69/8
f 266/68/9 303/69/9 304/73/9 267/72/9
f 267/72/10 304/73/10 305/75/10 268/74/10
f 268/74/11 305/75/11 306/77/11 269/76/11
f 269/76/12 306/77/12 307/79/12 270/78/12
f 270/78/13 307/79/13 295/81/13 271/80/13
f 271/80/14 295/81/14 297/83/14 272/82/14
f 272/82/15 297/83/15 296/85/15 273/84/15
f 273/84/16 296/85/16 302/87/16 274/86/16
f 274/86/17 302/87/17 299/89/17 275/88/17
f 275/88/18 299/89/18 298/91/18 276/90/18
f 276/90/19 298/91/19 301/93/19 277/92/19
f 277/92/20 301/93/20 300/95/20 253/94/20
f 294/105/28 266/104/28 267/103/28 268/102/28 269/101/28 270/100/28 271/99/28 272/98/28 273/97/28 274/96/28 275/110/28 276/109/28 277/108/28 253/107/28 293/106/28
f 321/111/7 323/113/7 278/64/7 320/112/7
f 279/68/8 324/116/8 313/115/8 314/114/8
f 279/68/9 314/114/9 315/117/9 280/72/9
f 280/72/10 315/117/10 316/118/10 281/74/10
f 281/74/11 316/118/11 317/119/11 282/76/11
f 282/76/12 317/119/12 318/120/12 283/78/12
f 283/78/13 318/120/13 319/121/13 284/80/13
f 284/80/14 319/121/14 753/369/14 322/122/14 285/82/14
f 285/82/15 322/122/15 309/124/15 286/84/15
f 286/84/16 309/124/16 308/125/16 287/86/16
f 287/86/17 308/125/17 312/126/17 288/88/17
f 288/88/18 312/126/18 310/127/18 289/90/18
f 289/90/19 310/127/19 311/128/19 290/92/19
f 290/92/20 311/128/20 320/129/20 278/94/20
f 324/130/28 279/104/28 280/103/28 281/102/28 282/101/28 283/100/28 284/99/28 285/98/28 286/97/28 287/96/28 288/133/28 289/132/28 290/108/28 278/107/28 323/131/28
f 351/2/28 349/11/28 350/15/28 352/19/28
f 349/11/5 345/146/5 346/145/5 350/15/5
f 347/147/1 345/148/1 349/11/1 351/2/1
f 352/19/4 350/15/4 346/150/4 348/149/4
f 348/144/64 356/144/64 353/143/64 347/143/64
f 354/151/2 353/143/2 356/144/2 355/152/2
f 345/146/65 354/146/65 355/145/65 346/145/65
f 346/150/66 355/150/66 356/149/66 348/149/66
f 347/147/67 353/147/67 354/148/67 345/148/67
f 121/151/28 123/143/28 124/144/28 122/152/28
f 123/143/5 119/2/5 120/19/5 124/144/5
f 119/2/2 117/11/2 118/15/2 120/19/2
f 117/11/3 121/146/3 122/145/3 118/15/3
f 443/372/1 121/148/1 117/11/1 119/2/1 439/373/1 442/374/1 438/375/1 436/376/1 437/377/1 441/378/1 440/379/1 450/380/1 449/381/1 448/382/1 447/383/1 446/384/1 444/385/1 445/386/1
f 415/387/1 119/2/1 123/147/1 121/148/1 420/388/1 435/389/1 428/390/1 426/391/1 431/392/1 432/393/1 429/394/1 430/395/1 433/396/1 425/397/1 427/398/1 424/399/1 434/400/1 419/401/1 423/402/1 422/403/1 421/404/1 418/405/1 417/406/1 416/407/1
f 475/408/4 473/409/4 118/15/4 122/150/4 124/149/4 477/410/4 480/411/4 478/412/4 479/413/4 481/414/4 476/415/4 486/416/4 485/417/4 484/418/4 483/419/4 482/420/4 474/421/4
f 467/422/4 466/423/4 124/149/4 120/19/4 118/15/4 462/424/4 461/425/4 459/426/4 456/427/4 452/428/4 453/429/4 451/430/4 454/431/4 455/432/4 458/433/4 457/434/4 460/435/4 472/436/4 463/437/4 464/438/4 465/439/4 471/440/4 470/441/4 469/442/4 468/443/4
f 357/64/32 359/227/32 360/226/32 358/225/32
f 359/227/33 361/229/33 362/228/33 360/226/33
f 361/229/34 363/231/34 364/230/34 362/228/34
f 363/231/35 365/149/35 366/232/35 364/230/35
f 365/149/36 136/234/36 135/233/36 366/232/36
f 136/234/37 367/236/37 368/235/37 135/233/37
f 367/236/38 369/238/38 370/237/38 368/235/38
f 369/238/39 142/8/39 141/239/39 370/237/39
f 142/8/40 371/241/40 372/240/40 141/239/40
f 371/241/41 373/243/41 374/242/41 372/240/41
f 373/243/42 148/245/42 147/244/42 374/242/42
f 148/245/43 375/19/43 376/145/43 147/244/43
f 375/19/44 377/247/44 378/246/44 376/145/44
f 377/247/45 379/249/45 380/248/45 378/246/45
f 379/249/46 381/251/46 382/250/46 380/248/46
f 381/251/47 383/253/47 384/252/47 382/250/47
f 383/253/48 385/255/48 386/254/48 384/252/48
f 385/255/49 387/257/49 388/256/49 386/254/49
f 387/257/50 164/259/50 163/258/50 388/256/50
f 164/259/51 166/2/51 165/146/51 163/258/51
f 166/2/52 389/261/52 390/260/52 165/146/52
f 389/261/53 170/263/53 169/262/53 390/260/53
f 170/263/54 172/265/54 171/264/54 169/262/54
f 172/265/55 391/3/55 392/266/55 171/264/55
f 391/3/56 176/268/56 175/267/56 392/266/56
f 176/268/57 178/270/57 177/269/57 175/267/57
f 178/270/58 393/272/58 394/271/58 177/269/58
f 393/272/59 182/147/59 181/273/59 394/271/59
f 182/147/60 184/275/60 183/274/60 181/273/60
f 184/275/61 395/277/61 396/276/61 183/274/61
f 392/280/28 175/279/28 177/278/28 394/309/28 181/308/28 183/307/28 396/306/28 398/305/28 358/304/28 360/303/28 362/302/28 364/301/28 366/300/28 135/299/28 368/298/28 370/297/28 141/296/28 372/295/28 374/294/28 147/293/28 376/292/28 378/291/28 380/290/28 382/289/28 384/288/28 386/287/28 388/286/28 163/285/28 165/284/28 390/283/28 169/282/28 171/281/28
f 395/277/62 397/311/62 398/310/62 396/276/62
f 397/311/63 357/313/63 358/312/63 398/310/63
f 176/336/2 391/335/2 172/334/2 170/333/2 389/332/2 166/331/2 164/330/2 387/329/2 385/328/2 383/104/2 381/327/2 379/326/2 377/325/2 375/324/2 148/323/2 373/322/2 371/321/2 142/98/2 369/320/2 367/319/2 136/318/2 365/110/2 363/317/2 361/316/2 359/315/2 357/107/2 397/314/2 395/340/2 184/339/2 182/133/2 393/338/2 178/337/2
f 190/64/32 192/227/32 191/226/32 189/225/32
f 192/227/33 194/229/33 193/228/33 191/226/33
f 194/229/34 196/231/34 195/230/34 193/228/34
f 196/231/35 399/149/35 400/232/35 195/230/35
f 399/149/36 200/234/36 199/233/36 400/232/36
f 200/234/37 202/236/37 201/235/37 199/233/37
f 202/236/38 401/238/38 402/237/38 201/235/38
f 401/238/39 206/8/39 205/239/39 402/237/39
f 206/8/40 403/241/40 404/240/40 205/239/40
f 403/241/41 210/243/41 209/242/41 404/240/41
f 210/243/42 212/245/42 211/244/42 209/242/42
f 212/245/43 405/19/43 406/145/43 211/244/43
f 405/19/44 216/247/44 215/246/44 406/145/44
f 216/247/45 218/249/45 217/248/45 215/246/45
f 218/249/46 220/251/46 219/250/46 217/248/46
f 220/251/47 222/253/47 221/252/47 219/250/47
f 222/253/48 224/255/48 223/254/48 221/252/48
f 224/255/49 226/257/49 225/256/49 223/254/49
f 226/257/50 228/259/50 227/258/50 225/256/50
f 228/259/51 407/2/51 408/146/51 227/258/51
f 407/2/52 232/261/52 231/260/52 408/146/52
f 232/261/53 234/263/53 233/262/53 231/260/53
f 234/263/54 409/265/54 410/264/54 233/262/54
f 409/265/55 238/3/55 237/266/55 410/264/55
f 238/3/56 411/268/56 412/267/56 237/266/56
f 411/268/57 242/270/57 241/269/57 412/267/57
f 242/270/58 244/272/58 243/271/58 241/269/58
f 244/272/59 413/147/59 414/273/59 243/271/59
f 413/147/60 248/275/60 247/274/60 414/273/60
f 248/275/61 250/277/61 249/276/61 247/274/61
f 400/300/28 199/299/28 201/298/28 402/297/28 205/296/28 404/295/28 209/294/28 211/293/28 406/292/28 215/291/28 217/290/28 219/289/28 221/288/28 223/287/28 225/286/28 227/285/28 408/284/28 231/283/28 233/282/28 410/281/28 237/280/28 412/279/28 241/278/28 243/309/28 414/308/28 247/307/28 249/306/28 251/305/28 189/304/28 191/303/28 193/302/28 195/301/28
f 250/277/62 252/311/62 251/310/62 249/276/62
f 252/311/63 190/313/63 189/312/63 251/310/63
f 411/336/2 238/335/2 409/334/2 234/333/2 232/332/2 407/331/2 228/330/2 226/329/2 224/328/2 222/104/2 220/327/2 218/326/2 216/325/2 405/324/2 212/323/2 210/322/2 403/321/2 206/98/2 401/320/2 202/319/2 200/318/2 399/110/2 196/317/2 194/316/2 192/315/2 190/107/2 252/314/2 250/340/2 248/339/2 413/133/2 244/338/2 242/337/2
f 429/444/68 432/445/68 479/446/68 478/447/68
f 432/445/69 431/448/69 481/449/69 479/446/69
f 431/448/70 426/450/70 476/451/70 481/449/70
f 426/450/71 428/452/71 486/453/71 476/451/71
f 428/452/72 435/454/72 485/455/72 486/453/72
f 435/454/73 420/456/73 443/457/73 483/458/73 484/459/73 485/455/73
f 443/457/74 445/460/74 482/461/74 483/458/74
f 445/460/75 444/462/75 474/463/75 482/461/75
f 444/462/76 446/464/76 475/465/76 474/463/76
f 462/466/77 473/467/77 475/465/77 446/464/77 447/468/77 448/469/77
f 448/469/78 449/470/78 461/471/78 462/466/78
f 449/470/79 450/472/79 459/473/79 461/471/79
f 450/472/80 440/474/80 456/475/80 459/473/80
f 440/474/81 441/476/81 452/477/81 456/475/81
f 452/477/82 441/476/82 437/478/82 453/479/82
f 453/479/83 437/478/83 436/480/83 451/481/83
f 451/481/84 436/480/84 438/482/84 454/483/84
f 454/483/85 438/482/85 442/484/85 455/485/85
f 455/485/86 442/484/86 439/486/86 415/487/86 457/488/86 458/489/86
f 457/488/87 415/487/87 416/490/87 460/491/87
f 460/491/88 416/490/88 417/492/88 472/493/88
f 472/493/89 417/492/89 418/494/89 463/495/89
f 463/495/90 418/494/90 421/496/90 464/497/90
f 464/497/91 421/496/91 422/498/91 465/499/91
f 465/499/92 422/498/92 423/500/92 471/501/92
f 471/501/93 423/500/93 419/502/93 470/503/93
f 470/503/94 419/502/94 434/504/94 469/505/94
f 469/505/95 434/504/95 424/506/95 468/507/95
f 468/507/96 424/506/96 427/508/96 467/509/96
f 433/510/97 477/511/97 466/512/97 467/509/97 427/508/97 425/513/97
f 433/510/98 430/514/98 480/515/98 477/511/98
f 430/514/99 429/516/99 478/517/99 480/515/99
f 487/151/2 488/152/2 490/144/2 489/143/2
f 489/143/5 490/144/5 494/19/5 493/2/5
f 493/2/28 494/19/28 492/15/28 491/11/28
f 491/11/3 492/15/3 488/145/3 487/146/3
f 513/153/1 493/2/1 491/11/1 487/148/1 527/154/1 526/155/1 524/156/1 525/157/1 523/158/1 500/159/1 515/160/1 508/161/1 506/162/1 511/163/1 512/164/1 509/165/1 510/166/1
f 528/167/1 487/148/1 489/147/1 493/2/1 505/168/1 507/169/1 504/170/1 514/171/1 499/172/1 503/173/1 502/174/1 501/175/1 498/176/1 497/177/1 496/178/1 495/179/1 519/180/1 522/181/1 518/182/1 516/183/1 517/184/1 521/185/1 520/186/1 530/187/1 529/188/1
f 490/149/4 488/150/4 492/15/4 563/189/4 562/190/4 554/191/4 555/192/4 553/193/4 542/194/4 541/195/4 539/196/4 536/197/4 532/198/4 533/199/4 531/200/4 534/201/4 535/202/4 538/203/4
f 565/204/4 564/205/4 492/15/4 494/19/4 490/149/4 537/206/4 540/207/4 552/208/4 543/209/4 544/210/4 545/211/4 551/212/4 550/213/4 549/214/4 548/215/4 547/216/4 546/217/4 557/218/4 560/219/4 558/220/4 559/221/4 561/222/4 556/223/4 566/224/4
f 491/151/28 493/143/28 494/144/28 492/152/28
f 493/143/5 489/2/5 490/19/5 494/144/5
f 489/2/2 487/11/2 488/15/2 490/19/2
f 487/11/3 491/146/3 492/145/3 488/15/3
f 523/372/1 491/148/1 487/11/1 489/2/1 519/373/1 522/374/1 518/375/1 516/376/1 517/377/1 521/378/1 520/379/1 530/380/1 529/381/1 528/382/1 527/383/1 526/384/1 524/385/1 525/386/1
f 495/387/1 489/2/1 493/147/1 491/148/1 500/388/1 515/389/1 508/390/1 506/391/1 511/392/1 512/393/1 509/394/1 510/395/1 513/396/1 505/397/1 507/398/1 504/399/1 514/400/1 499/401/1 503/402/1 502/403/1 501/404/1 498/405/1 497/406/1 496/407/1
f 555/408/4 553/409/4 488/15/4 492/150/4 494/149/4 557/410/4 560/411/4 558/412/4 559/413/4 561/414/4 556/415/4 566/416/4 565/417/4 564/418/4 563/419/4 562/420/4 554/421/4
f 547/422/4 546/423/4 494/149/4 490/19/4 488/15/4 542/424/4 541/425/4 539/426/4 536/427/4 532/428/4 533/429/4 531/430/4 534/431/4 535/432/4 538/433/4 537/434/4 540/435/4 552/436/4 543/437/4 544/438/4 545/439/4 551/440/4 550/441/4 549/442/4 548/443/4
f 509/444/68 512/445/68 559/446/68 558/447/68
f 512/445/69 511/448/69 561/449/69 559/446/69
f 511/448/70 506/450/70 556/451/70 561/449/70
f 506/450/71 508/452/71 566/453/71 556/451/71
f 508/452/72 515/454/72 565/455/72 566/453/72
f 515/454/73 500/456/73 523/457/73 563/458/73 564/459/73 565/455/73
f 523/457/74 525/460/74 562/461/74 563/458/74
f 525/460/75 524/462/75 554/463/75 562/461/75
f 524/462/76 526/464/76 555/465/76 554/463/76
f 542/466/77 553/467/77 555/465/77 526/464/77 527/468/77 528/469/77
f 528/469/78 529/470/78 541/471/78 542/466/78
f 529/470/79 530/472/79 539/473/79 541/471/79
f 530/472/80 520/474/80 536/475/80 539/473/80
f 520/474/81 521/476/81 532/477/81 536/475/81
f 532/477/82 521/476/82 517/478/82 533/479/82
f 533/479/83 517/478/83 516/480/83 531/481/83
f 531/481/84 516/480/84 518/482/84 534/483/84
f 534/483/85 518/482/85 522/484/85 535/485/85
f 535/485/86 522/484/86 519/486/86 495/487/86 537/488/86 538/489/86
f 537/488/87 495/487/87 496/490/87 540/491/87
f 540/491/88 496/490/88 497/492/88 552/493/88
f 552/493/89 497/492/89 498/494/89 543/495/89
f 543/495/90 498/494/90 501/496/90 544/497/90
f 544/497/91 501/496/91 502/498/91 545/499/91
f 545/499/92 502/498/92 503/500/92 551/501/92
f 551/501/93 503/500/93 499/502/93 550/503/93
f 550/503/94 499/502/94 514/504/94 549/505/94
f 549/505/95 514/504/95 504/506/95 548/507/95
f 548/507/96 504/506/96 507/508/96 547/509/96
f 513/510/97 557/511/97 546/512/97 547/509/97 507/508/97 505/513/97
f 513/510/98 510/514/98 560/515/98 557/511/98
f 510/514/99 509/516/99 558/517/99 560/515/99
f 259/20/3 264/20/3 578/520/3 579/521/3
f 691/362/1 686/522/1 577/344/1 582/363/1
f 682/527/3 573/346/3 580/347/3 689/528/3
f 686/522/1 683/529/1 574/345/1 577/344/1
f 254/19/4 259/20/4 579/521/4 580/530/4
f 19/531/1 12/532/1 584/532/1 587/531/1
f 10/533/3 583/533/3 590/534/3 13/534/3
f 16/50/1 19/531/1 587/531/1 592/50/1
f 595/52/4 625/52/4 17/52/4 25/52/4
f 736/535/3 735/535/3 588/8/3 589/8/3
f 737/535/4 736/535/4 589/8/4 590/8/4
f 9/20/3 605/550/3 607/550/3 23/20/3
f 706/48/1 606/47/1 602/9/1 698/551/1
f 703/556/3 701/557/3 599/18/3 601/17/3
f 698/551/1 602/9/1 604/12/1 705/558/1
f 2/19/4 599/550/4 605/550/4 9/20/4
f 19/531/4 616/559/4 613/560/4 12/532/4
f 10/533/5 13/534/5 609/534/5 611/533/5
f 16/50/4 614/50/4 616/559/4 19/531/4
f 728/561/3 617/8/3 618/8/3 729/561/3
f 714/561/4 609/8/4 617/8/4 728/561/4
f 633/55/4 20/55/4 637/55/4 636/55/4
f 625/52/4 628/55/4 633/55/4 17/52/4
f 646/143/4 647/144/4 651/19/4 650/2/4
f 650/2/5 651/19/5 649/15/5 648/11/5
f 648/11/1 649/15/1 645/145/1 644/146/1
f 646/147/2 650/2/2 648/11/2 644/148/2
f 651/19/28 647/149/28 645/150/28 649/15/28
f 652/151/3 653/152/3 655/144/3 654/143/3
f 654/143/4 655/144/4 659/19/4 658/2/4
f 658/2/5 659/19/5 657/15/5 656/11/5
f 656/11/1 657/15/1 653/145/1 652/146/1
f 654/147/2 658/2/2 656/11/2 652/148/2
f 659/19/28 655/149/28 653/150/28 657/15/28
f 763/573/5 765/580/5 662/34/5 668/34/5
f 770/573/3 670/34/3 662/34/3 765/580/3
f 613/584/3 677/585/3 672/586/3 12/587/3
f 584/587/5 12/587/5 672/586/5 681/588/5
f 580/530/4 579/521/4 688/603/4 689/603/4
f 579/521/3 578/520/3 687/606/3 688/603/3
f 734/607/1 731/608/1 683/529/1 686/522/1
f 730/609/3 682/527/3 689/528/3 737/610/3
f 739/361/1 734/607/1 686/522/1 691/362/1
f 599/550/4 701/617/4 699/617/4 605/550/4
f 605/550/3 699/617/3 700/617/3 607/550/3
f 727/620/1 698/551/1 705/558/1 718/621/1
f 716/622/3 714/623/3 701/557/3 703/556/3
f 719/49/1 706/48/1 698/551/1 727/620/1
f 614/50/1 719/49/1 727/620/1 616/559/1
f 611/533/3 609/534/3 714/623/3 716/622/3
f 616/559/1 727/620/1 718/621/1 613/560/1
f 772/614/5 712/613/5 725/565/5 773/572/5
f 701/617/4 714/561/4 728/561/4 699/617/4
f 699/617/3 728/561/3 729/561/3 700/617/3
f 592/50/1 587/531/1 734/607/1 739/361/1
f 583/533/3 730/609/3 737/610/3 590/534/3
f 587/531/1 584/532/1 731/608/1 734/607/1
f 771/599/5 774/576/5 744/542/5 696/600/5
f 689/603/4 688/603/4 736/535/4 737/535/4
f 688/603/3 687/606/3 735/535/3 736/535/3
f 322/37/28 747/348/28 258/2/28 321/36/28 320/43/28 311/42/28 310/41/28 312/40/28 308/39/28 309/38/28
f 748/365/28 749/364/28 750/354/28 752/370/28
f 752/370/28 750/354/28 751/371/28
f 753/355/28 750/354/28 749/364/28 322/37/28
f 757/57/2 758/56/2 755/624/2 756/142/2
f 755/624/2 758/56/2 759/625/2 82/37/2
f 781/634/3 770/573/3 765/580/3 776/635/3
f 787/636/5 776/635/5 765/580/5 763/573/5
f 681/588/5 672/586/5 776/635/5 787/636/5
f 677/585/3 781/634/3 776/635/3 672/586/3
f 713/611/5 782/628/5 783/629/5 726/596/5
f 697/598/5 745/592/5 789/627/5 788/626/5
f 790/151/3 791/152/3 793/144/3 792/143/3
f 792/143/4 793/144/4 797/19/4 796/2/4
f 796/2/5 797/19/5 795/15/5 794/11/5
f 794/11/1 795/15/1 791/145/1 790/146/1
f 792/147/2 796/2/2 794/11/2 790/148/2
f 797/19/28 793/149/28 791/150/28 795/15/28
f 798/151/3 799/152/3 801/144/3 800/143/3
f 800/143/4 801/144/4 805/19/4 804/2/4
f 804/2/5 805/19/5 803/15/5 802/11/5
f 802/11/1 803/15/1 799/145/1 798/146/1
f 800/147/2 804/2/2 802/11/2 798/148/2
f 805/19/28 801/149/28 799/150/28 803/15/28
f 806/151/3 807/152/3 809/144/3 808/143/3
f 808/143/28 809/144/28 813/19/28 812/2/28
f 812/2/5 813/19/5 811/15/5 810/11/5
f 810/11/2 811/15/2 807/145/2 806/146/2
f 808/147/4 812/2/4 810/11/4 806/148/4
f 813/19/1 809/149/1 807/150/1 811/15/1
f 814/151/3 815/152/3 817/144/3 816/143/3
f 816/143/28 817/144/28 821/19/28 820/2/28
f 820/2/5 821/19/5 819/15/5 818/11/5
f 818/11/2 819/15/2 815/145/2 814/146/2
f 816/147/4 820/2/4 818/11/4 814/148/4
f 821/19/1 817/149/1 815/150/1 819/15/1
f 822/151/3 823/152/3 825/144/3 824/143/3
f 824/143/28 825/144/28 829/19/28 828/2/28
f 828/2/5 829/19/5 827/15/5 826/11/5
f 826/11/2 827/15/2 823/145/2 822/146/2
f 824/147/4 828/2/4 826/11/4 822/148/4
f 830/107/1 832/665/1 834/666/1 836/667/1 838/668/1 840/669/1 842/670/1 844/671/1 846/98/1 848/672/1 850/673/1 852/674/1 854/675/1 856/676/1 858/677/1 860/678/1 862/104/1 864/679/1 866/680/1 868/681/1 870/682/1 872/683/1 874/684/1 876/685/1 878/335/1 880/686/1 882/687/1 884/688/1 886/689/1 888/690/1 890/691/1 892/692/1
f 897/637/4 895/304/4 957/638/4 955/639/4 953/640/4 951/641/4 949/642/4 947/643/4 945/644/4 943/280/4 941/645/4 939/646/4 937/647/4 935/648/4 933/649/4 931/650/4 929/651/4 927/288/4 925/652/4 923/653/4 921/654/4 919/655/4 917/656/4 915/657/4 913/658/4 911/296/4 909/659/4 907/660/4 905/661/4 903/662/4 901/663/4 899/664/4
f 1146/637/4 1148/304/4 1086/638/4 1088/639/4 1090/640/4 1092/641/4 1094/642/4 1096/643/4 1098/644/4 1100/280/4 1102/645/4 1104/646/4 1106/647/4 1108/648/4 1110/649/4 1112/650/4 1114/651/4 1116/288/4 1118/652/4 1120/653/4 1122/654/4 1124/655/4 1126/656/4 1128/657/4 1130/658/4 1132/296/4 1134/659/4 1136/660/4 1138/661/4 1140/662/4 1142/663/4 1144/664/4
f 1213/107/1 1211/665/1 1209/666/1 1207/667/1 1205/668/1 1203/669/1 1201/670/1 1199/671/1 1197/98/1 1195/672/1 1193/673/1 1191/674/1 1189/675/1 1187/676/1 1185/677/1 1183/678/1 1181/104/1 1179/679/1 1177/680/1 1175/681/1 1173/682/1 1171/683/1 1169/684/1 1167/685/1 1165/335/1 1163/686/1 1161/687/1 1159/688/1 1157/689/1 1155/690/1 1153/691/1 1151/692/1
f 1214/64/72 1215/225/72 1217/226/72 1216/227/72
f 1216/227/73 1217/226/73 1219/228/73 1218/229/73
f 1218/229/74 1219/228/74 1221/230/74 1220/231/74
f 1220/231/75 1221/230/75 1223/232/75 1222/149/75
f 1222/149/76 1223/232/76 1225/233/76 1224/234/76
f 1224/234/77 1225/233/77 1227/235/77 1226/236/77
f 1226/236/78 1227/235/78 1229/237/78 1228/238/78
f 1228/238/79 1229/237/79 1231/239/79 1230/8/79
f 1230/8/80 1231/239/80 1233/240/80 1232/241/80
f 1232/241/81 1233/240/81 1235/242/81 1234/243/81
f 1234/243/82 1235/242/82 1237/244/82 1236/245/82
f 1236/245/83 1237/244/83 1239/145/83 1238/19/83
f 1238/19/84 1239/145/84 1241/246/84 1240/247/84
f 1240/247/85 1241/246/85 1243/248/85 1242/249/85
f 1242/249/86 1243/248/86 1245/250/86 1244/251/86
f 1244/251/87 1245/250/87 1247/252/87 1246/253/87
f 1246/253/88 1247/252/88 1249/254/88 1248/255/88
f 1248/255/89 1249/254/89 1251/256/89 1250/257/89
f 1250/257/90 1251/256/90 1253/258/90 1252/259/90
f 1252/259/91 1253/258/91 1255/146/91 1254/2/91
f 1254/2/92 1255/146/92 1257/260/92 1256/261/92
f 1256/261/93 1257/260/93 1259/262/93 1258/263/93
f 1258/263/94 1259/262/94 1261/264/94 1260/265/94
f 1260/265/95 1261/264/95 1263/266/95 1262/3/95
f 1262/3/96 1263/266/96 1265/267/96 1264/268/96
f 1264/268/97 1265/267/97 1267/269/97 1266/270/97
f 1266/270/98 1267/269/98 1269/271/98 1268/272/98
f 1268/272/99 1269/271/99 1271/273/99 1270/147/99
f 1270/147/68 1271/273/68 1273/274/68 1272/275/68
f 1272/275/69 1273/274/69 1275/276/69 1274/277/69
f 1217/693/4 1215/304/4 1277/694/4 1275/695/4 1273/696/4 1271/697/4 1269/698/4 1267/278/4 1265/699/4 1263/280/4 1261/700/4 1259/701/4 1257/702/4 1255/703/4 1253/704/4 1251/705/4 1249/706/4 1247/288/4 1245/707/4 1243/708/4 1241/709/4 1239/710/4 1237/711/4 1235/712/4 1233/713/4 1231/296/4 1229/714/4 1227/298/4 1225/715/4 1223/716/4 1221/717/4 1219/664/4
f 1274/277/70 1275/276/70 1277/310/70 1276/311/70
f 1276/311/71 1277/310/71 1215/312/71 1214/313/71
f 1214/107/1 1216/718/1 1218/666/1 1220/719/1 1222/720/1 1224/721/1 1226/319/1 1228/722/1 1230/98/1 1232/723/1 1234/724/1 1236/725/1 1238/726/1 1240/727/1 1242/728/1 1244/729/1 1246/104/1 1248/730/1 1250/731/1 1252/732/1 1254/733/1 1256/734/1 1258/735/1 1260/736/1 1262/335/1 1264/737/1 1266/337/1 1268/738/1 1270/739/1 1272/740/1 1274/691/1 1276/741/1
f 1278/151/103 1279/152/103 1281/144/103 1280/143/103
f 1280/143/104 1281/144/104 1285/19/104 1284/2/104
f 1284/2/105 1285/19/105 1283/15/105 1282/11/105
f 1282/11/106 1283/15/106 1279/145/106 1278/146/106
f 1280/147/1 1284/2/1 1282/11/1 1278/148/1
f 1285/19/4 1281/149/4 1279/150/4 1283/15/4
f 1286/64/72 1287/225/72 1289/226/72 1288/227/72
f 1288/227/73 1289/226/73 1291/228/73 1290/229/73
f 1290/229/74 1291/228/74 1293/230/74 1292/231/74
f 1292/231/75 1293/230/75 1295/232/75 1294/149/75
f 1294/149/76 1295/232/76 1297/233/76 1296/234/76
f 1296/234/77 1297/233/77 1299/235/77 1298/236/77
f 1298/236/78 1299/235/78 1301/237/78 1300/238/78
f 1300/238/79 1301/237/79 1303/239/79 1302/8/79
f 1302/8/80 1303/239/80 1305/240/80 1304/241/80
f 1304/241/81 1305/240/81 1307/242/81 1306/243/81
f 1306/243/82 1307/242/82 1309/244/82 1308/245/82
f 1308/245/83 1309/244/83 1311/145/83 1310/19/83
f 1310/19/84 1311/145/84 1313/246/84 1312/247/84
f 1312/247/85 1313/246/85 1315/248/85 1314/249/85
f 1314/249/86 1315/248/86 1317/250/86 1316/251/86
f 1316/251/87 1317/250/87 1319/252/87 1318/253/87
f 1318/253/88 1319/252/88 1321/254/88 1320/255/88
f 1320/255/89 1321/254/89 1323/256/89 1322/257/89
f 1322/257/90 1323/256/90 1325/258/90 1324/259/90
f 1324/259/91 1325/258/91 1327/146/91 1326/2/91
f 1326/2/92 1327/146/92 1329/260/92 1328/261/92
f 1328/261/93 1329/260/93 1331/262/93 1330/263/93
f 1330/263/94 1331/262/94 1333/264/94 1332/265/94
f 1332/265/95 1333/264/95 1335/266/95 1334/3/95
f 1334/3/96 1335/266/96 1337/267/96 1336/268/96
f 1336/268/97 1337/267/97 1339/269/97 1338/270/97
f 1338/270/98 1339/269/98 1341/271/98 1340/272/98
f 1340/272/99 1341/271/99 1343/273/99 1342/147/99
f 1342/147/68 1343/273/68 1345/274/68 1344/275/68
f 1344/275/69 1345/274/69 1347/276/69 1346/277/69
f 1346/277/70 1347/276/70 1349/310/70 1348/311/70
f 1348/311/71 1349/310/71 1287/312/71 1286/313/71
f 1304/241/4 1306/243/4 1704/243/4 1703/241/4
f 1350/151/103 1351/152/103 1353/144/103 1352/143/103
f 1352/143/104 1353/144/104 1357/19/104 1356/2/104
f 1356/2/105 1357/19/105 1355/15/105 1354/11/105
f 1354/11/106 1355/15/106 1351/145/106 1350/146/106
f 1700/236/94 1701/238/94 1737/238/94 1736/236/94
f 1482/637/4 1484/304/4 1422/638/4 1424/639/4 1426/640/4 1428/641/4 1430/642/4 1432/643/4 1434/644/4 1436/280/4 1438/645/4 1440/646/4 1442/647/4 1444/648/4 1446/649/4 1448/650/4 1450/651/4 1452/288/4 1454/652/4 1456/653/4 1458/654/4 1460/655/4 1462/656/4 1464/657/4 1466/658/4 1468/296/4 1470/659/4 1472/660/4 1474/661/4 1476/662/4 1478/663/4 1480/664/4
f 1549/107/1 1547/665/1 1545/666/1 1543/667/1 1541/668/1 1539/669/1 1537/670/1 1535/671/1 1533/98/1 1531/672/1 1529/673/1 1527/674/1 1525/675/1 1523/676/1 1521/677/1 1519/678/1 1517/104/1 1515/679/1 1513/680/1 1511/681/1 1509/682/1 1507/683/1 1505/684/1 1503/685/1 1501/335/1 1499/686/1 1497/687/1 1495/688/1 1493/689/1 1491/690/1 1489/691/1 1487/692/1
f 1550/64/96 1551/225/96 1553/226/96 1552/227/96
f 1552/227/97 1553/226/97 1555/228/97 1554/229/97
f 1554/229/98 1555/228/98 1557/230/98 1556/231/98
f 1556/231/99 1557/230/99 1559/232/99 1558/149/99
f 1558/149/68 1559/232/68 1561/233/68 1560/234/68
f 1560/234/69 1561/233/69 1563/235/69 1562/236/69
f 1562/236/70 1563/235/70 1565/237/70 1564/238/70
f 1564/238/71 1565/237/71 1567/239/71 1566/8/71
f 1566/8/72 1567/239/72 1569/240/72 1568/241/72
f 1568/241/73 1569/240/73 1571/242/73 1570/243/73
f 1570/243/74 1571/242/74 1573/244/74 1572/245/74
f 1572/245/75 1573/244/75 1575/145/75 1574/19/75
f 1574/19/76 1575/145/76 1577/246/76 1576/247/76
f 1576/247/77 1577/246/77 1579/248/77 1578/249/77
f 1578/249/78 1579/248/78 1581/250/78 1580/251/78
f 1580/251/79 1581/250/79 1583/252/79 1582/253/79
f 1582/253/80 1583/252/80 1585/254/80 1584/255/80
f 1584/255/81 1585/254/81 1587/256/81 1586/257/81
f 1586/257/82 1587/256/82 1589/258/82 1588/259/82
f 1588/259/83 1589/258/83 1591/146/83 1590/2/83
f 1590/2/84 1591/146/84 1593/260/84 1592/261/84
f 1592/261/85 1593/260/85 1595/262/85 1594/263/85
f 1594/263/86 1595/262/86 1597/264/86 1596/265/86
f 1596/265/87 1597/264/87 1599/266/87 1598/3/87
f 1598/3/88 1599/266/88 1601/267/88 1600/268/88
f 1600/268/89 1601/267/89 1603/269/89 1602/270/89
f 1602/270/90 1603/269/90 1605/271/90 1604/272/90
f 1604/272/91 1605/271/91 1607/273/91 1606/147/91
f 1606/147/92 1607/273/92 1609/274/92 1608/275/92
f 1608/275/93 1609/274/93 1611/276/93 1610/277/93
f 1553/693/4 1551/304/4 1613/694/4 1611/695/4 1609/696/4 1607/697/4 1605/698/4 1603/278/4 1601/699/4 1599/280/4 1597/700/4 1595/701/4 1593/702/4 1591/703/4 1589/704/4 1587/705/4 1585/706/4 1583/288/4 1581/707/4 1579/708/4 1577/709/4 1575/710/4 1573/711/4 1571/712/4 1569/713/4 1567/296/4 1565/714/4 1563/298/4 1561/715/4 1559/716/4 1557/717/4 1555/664/4
f 1610/277/94 1611/276/94 1613/310/94 1612/311/94
f 1612/311/95 1613/310/95 1551/312/95 1550/313/95
f 1550/107/1 1552/718/1 1554/666/1 1556/719/1 1558/720/1 1560/721/1 1562/319/1 1564/722/1 1566/98/1 1568/723/1 1570/724/1 1572/725/1 1574/726/1 1576/727/1 1578/728/1 1580/729/1 1582/104/1 1584/730/1 1586/731/1 1588/732/1 1590/733/1 1592/734/1 1594/735/1 1596/736/1 1598/335/1 1600/737/1 1602/337/1 1604/738/1 1606/739/1 1608/740/1 1610/691/1 1612/741/1
f 1614/151/106 1615/152/106 1617/144/106 1616/143/106
f 1616/143/103 1617/144/103 1621/19/103 1620/2/103
f 1620/2/104 1621/19/104 1619/15/104 1618/11/104
f 1618/11/105 1619/15/105 1615/145/105 1614/146/105
f 1616/147/1 1620/2/1 1618/11/1 1614/148/1
f 1621/19/4 1617/149/4 1615/150/4 1619/15/4
f 1622/64/96 1623/225/96 1625/226/96 1624/227/96
f 1624/227/97 1625/226/97 1627/228/97 1626/229/97
f 1626/229/98 1627/228/98 1629/230/98 1628/231/98
f 1628/231/99 1629/230/99 1631/232/99 1630/149/99
f 1630/149/68 1631/232/68 1633/233/68 1632/234/68
f 1632/234/69 1633/233/69 1635/235/69 1634/236/69
f 1634/236/70 1635/235/70 1637/237/70 1636/238/70
f 1636/238/71 1637/237/71 1639/239/71 1638/8/71
f 1638/8/72 1639/239/72 1641/240/72 1640/241/72
f 1640/241/73 1641/240/73 1643/242/73 1642/243/73
f 1642/243/74 1643/242/74 1645/244/74 1644/245/74
f 1644/245/75 1645/244/75 1647/145/75 1646/19/75
f 1646/19/76 1647/145/76 1649/246/76 1648/247/76
f 1648/247/77 1649/246/77 1651/248/77 1650/249/77
f 1650/249/78 1651/248/78 1653/250/78 1652/251/78
f 1652/251/79 1653/250/79 1655/252/79 1654/253/79
f 1654/253/80 1655/252/80 1657/254/80 1656/255/80
f 1656/255/81 1657/254/81 1659/256/81 1658/257/81
f 1658/257/82 1659/256/82 1661/258/82 1660/259/82
f 1660/259/83 1661/258/83 1663/146/83 1662/2/83
f 1662/2/84 1663/146/84 1665/260/84 1664/261/84
f 1664/261/85 1665/260/85 1667/262/85 1666/263/85
f 1666/263/86 1667/262/86 1669/264/86 1668/265/86
f 1668/265/87 1669/264/87 1671/266/87 1670/3/87
f 1670/3/88 1671/266/88 1673/267/88 1672/268/88
f 1672/268/89 1673/267/89 1675/269/89 1674/270/89
f 1674/270/90 1675/269/90 1677/271/90 1676/272/90
f 1676/272/91 1677/271/91 1679/273/91 1678/147/91
f 1678/147/92 1679/273/92 1681/274/92 1680/275/92
f 1680/275/93 1681/274/93 1683/276/93 1682/277/93
f 1682/277/94 1683/276/94 1685/310/94 1684/311/94
f 1684/311/95 1685/310/95 1623/312/95 1622/313/95
f 1626/229/82 1628/231/82 1765/231/82 1764/229/82
f 1686/151/106 1687/152/106 1689/144/106 1688/143/106
f 1688/143/103 1689/144/103 1693/19/103 1692/2/103
f 1692/2/104 1693/19/104 1691/15/104 1690/11/104
f 1690/11/105 1691/15/105 1687/145/105 1686/146/105
f 1688/143/105 1692/2/105 1796/2/105 1794/143/105
f 1713/259/75 1714/2/75 1750/2/75 1749/259/75
f 1322/257/4 1324/259/4 1713/259/4 1712/257/4
f 1340/272/4 1342/147/4 1722/147/4 1721/272/4
f 1296/234/4 1298/236/4 1700/236/4 1699/234/4
f 1314/249/4 1316/251/4 1709/251/4 1708/249/4
f 1332/265/4 1334/3/4 1718/3/4 1717/265/4
f 1288/227/4 1290/229/4 1696/229/4 1695/227/4
f 1306/243/4 1308/245/4 1705/245/4 1704/243/4
f 1324/259/4 1326/2/4 1714/2/4 1713/259/4
f 1342/147/4 1344/275/4 1723/275/4 1722/147/4
f 1298/236/4 1300/238/4 1701/238/4 1700/236/4
f 1316/251/4 1318/253/4 1710/253/4 1709/251/4
f 1334/3/4 1336/268/4 1719/268/4 1718/3/4
f 1290/229/4 1292/231/4 1697/231/4 1696/229/4
f 1308/245/4 1310/19/4 1706/19/4 1705/245/4
f 1326/2/4 1328/261/4 1715/261/4 1714/2/4
f 1344/275/4 1346/277/4 1724/277/4 1723/275/4
f 1300/238/4 1302/8/4 1702/8/4 1701/238/4
f 1318/253/4 1320/255/4 1711/255/4 1710/253/4
f 1336/268/4 1338/270/4 1720/270/4 1719/268/4
f 1292/231/4 1294/149/4 1698/149/4 1697/231/4
f 1310/19/4 1312/247/4 1707/247/4 1706/19/4
f 1328/261/4 1330/263/4 1716/263/4 1715/261/4
f 1346/277/4 1348/311/4 1725/311/4 1724/277/4
f 1302/8/4 1304/241/4 1703/241/4 1702/8/4
f 1320/255/4 1322/257/4 1712/257/4 1711/255/4
f 1338/270/4 1340/272/4 1721/272/4 1720/270/4
f 1294/149/4 1296/234/4 1699/234/4 1698/149/4
f 1312/247/4 1314/249/4 1708/249/4 1707/247/4
f 1286/64/4 1288/227/4 1695/227/4 1694/64/4
f 1330/263/4 1332/265/4 1717/265/4 1716/263/4
f 1348/311/4 1286/313/4 1694/313/4 1725/311/4
f 1726/147/1 1728/2/1 1729/11/1 1727/148/1
f 1730/107/1 1731/718/1 1732/666/1 1733/719/1 1734/720/1 1735/721/1 1736/319/1 1737/722/1 1738/98/1 1739/723/1 1740/724/1 1741/725/1 1742/726/1 1743/727/1 1744/728/1 1745/729/1 1746/104/1 1747/730/1 1748/731/1 1749/732/1 1750/733/1 1751/734/1 1752/735/1 1753/736/1 1754/335/1 1755/737/1 1756/337/1 1757/738/1 1758/739/1 1759/740/1 1760/691/1 1761/741/1
f 1350/151/105 1352/143/105 1726/143/105 1727/151/105
f 1714/2/76 1715/261/76 1751/261/76 1750/2/76
f 1701/238/95 1702/8/95 1738/8/95 1737/238/95
f 1715/261/77 1716/263/77 1752/263/77 1751/261/77
f 1702/8/96 1703/241/96 1739/241/96 1738/8/96
f 1716/263/78 1717/265/78 1753/265/78 1752/263/78
f 1703/241/97 1704/243/97 1740/243/97 1739/241/97
f 1717/265/79 1718/3/79 1754/3/79 1753/265/79
f 1704/243/98 1705/245/98 1741/245/98 1740/243/98
f 1718/3/80 1719/268/80 1755/268/80 1754/3/80
f 1352/143/106 1356/2/106 1728/2/106 1726/143/106
f 1705/245/99 1706/19/99 1742/19/99 1741/245/99
f 1719/268/81 1720/270/81 1756/270/81 1755/268/81
f 1706/19/68 1707/247/68 1743/247/68 1742/19/68
f 1720/270/82 1721/272/82 1757/272/82 1756/270/82
f 1707/247/69 1708/249/69 1744/249/69 1743/247/69
f 1694/64/88 1695/227/88 1731/227/88 1730/64/88
f 1721/272/83 1722/147/83 1758/147/83 1757/272/83
f 1356/2/103 1354/11/103 1729/11/103 1728/2/103
f 1708/249/70 1709/251/70 1745/251/70 1744/249/70
f 1695/227/89 1696/229/89 1732/229/89 1731/227/89
f 1722/147/84 1723/275/84 1759/275/84 1758/147/84
f 1709/251/71 1710/253/71 1746/253/71 1745/251/71
f 1696/229/90 1697/231/90 1733/231/90 1732/229/90
f 1723/275/85 1724/277/85 1760/277/85 1759/275/85
f 1710/253/72 1711/255/72 1747/255/72 1746/253/72
f 1697/231/91 1698/149/91 1734/149/91 1733/231/91
f 1724/277/86 1725/311/86 1761/311/86 1760/277/86
f 1354/11/104 1350/146/104 1727/146/104 1729/11/104
f 1711/255/73 1712/257/73 1748/257/73 1747/255/73
f 1698/149/92 1699/234/92 1735/234/92 1734/149/92
f 1725/311/87 1694/313/87 1730/313/87 1761/311/87
f 1712/257/74 1713/259/74 1749/259/74 1748/257/74
f 1699/234/93 1700/236/93 1736/236/93 1735/234/93
f 1762/107/1 1763/718/1 1764/666/1 1765/719/1 1766/720/1 1767/721/1 1768/319/1 1769/722/1 1770/98/1 1771/723/1 1772/724/1 1773/725/1 1774/726/1 1775/727/1 1776/728/1 1777/729/1 1778/104/1 1779/730/1 1780/731/1 1781/732/1 1782/733/1 1783/734/1 1784/735/1 1785/736/1 1786/335/1 1787/737/1 1788/337/1 1789/738/1 1790/739/1 1791/740/1 1792/691/1 1793/741/1
f 1794/147/1 1796/2/1 1797/11/1 1795/148/1
f 1644/245/91 1646/19/91 1774/19/91 1773/245/91
f 1662/2/68 1664/261/68 1783/261/68 1782/2/68
f 1680/275/77 1682/277/77 1792/277/77 1791/275/77
f 1636/238/87 1638/8/87 1770/8/87 1769/238/87
f 1654/253/96 1656/255/96 1779/255/96 1778/253/96
f 1672/268/73 1674/270/73 1788/270/73 1787/268/73
f 1692/2/106 1690/11/106 1797/11/106 1796/2/106
f 1628/231/83 1630/149/83 1766/149/83 1765/231/83
f 1646/19/92 1648/247/92 1775/247/92 1774/19/92
f 1664/261/69 1666/263/69 1784/263/69 1783/261/69
f 1682/277/78 1684/311/78 1793/311/78 1792/277/78
f 1638/8/88 1640/241/88 1771/241/88 1770/8/88
f 1656/255/97 1658/257/97 1780/257/97 1779/255/97
f 1674/270/74 1676/272/74 1789/272/74 1788/270/74
f 1690/11/103 1686/146/103 1795/146/103 1797/11/103
f 1630/149/84 1632/234/84 1767/234/84 1766/149/84
f 1648/247/93 1650/249/93 1776/249/93 1775/247/93
f 1666/263/70 1668/265/70 1785/265/70 1784/263/70
f 1622/64/80 1624/227/80 1763/227/80 1762/64/80
f 1684/311/79 1622/313/79 1762/313/79 1793/311/79
f 1640/241/89 1642/243/89 1772/243/89 1771/241/89
f 1658/257/98 1660/259/98 1781/259/98 1780/257/98
f 1676/272/75 1678/147/75 1790/147/75 1789/272/75
f 1686/151/104 1688/143/104 1794/143/104 1795/151/104
f 1632/234/85 1634/236/85 1768/236/85 1767/234/85
f 1650/249/94 1652/251/94 1777/251/94 1776/249/94
f 1668/265/71 1670/3/71 1786/3/71 1785/265/71
f 1624/227/81 1626/229/81 1764/229/81 1763/227/81
f 1642/243/90 1644/245/90 1773/245/90 1772/243/90
f 1660/259/99 1662/2/99 1782/2/99 1781/259/99
f 1678/147/76 1680/275/76 1791/275/76 1790/147/76
f 1634/236/86 1636/238/86 1769/238/86 1768/236/86
f 1652/251/95 1654/253/95 1778/253/95 1777/251/95
f 1670/3/72 1672/268/72 1787/268/72 1786/3/72
usemtl yello
f 788/626/5 789/627/5 774/576/5 771/599/5
f 782/628/5 772/614/5 773/572/5 783/629/5
usemtl gray
f 96/54/2 97/63/2 98/62/2 95/54/2
f 99/134/2 100/135/2 96/54/2 95/54/2 101/136/2 102/137/2 103/138/2 568/139/2 571/140/2 104/141/2
f 107/143/3 108/144/3 112/19/3 111/2/3
f 336/54/28 335/54/28 338/62/28 337/63/28
f 343/138/28 569/137/28 342/137/28 341/136/28 335/54/28 336/54/28 340/135/28 339/134/28 344/141/28
f 347/143/3 351/2/3 352/19/3 348/144/3
f 695/547/6 694/571/6 626/366/6 627/545/6
f 711/570/6 629/568/6 630/58/6 710/548/6
f 743/567/6 742/602/6 694/571/6 695/547/6
f 724/616/6 711/570/6 710/548/6 723/544/6
f 631/55/6 724/616/6 723/544/6 632/52/6
f 628/55/6 625/52/6 742/602/6 743/567/6
f 894/64/68 895/225/68 897/226/68 896/227/68
f 896/227/69 897/226/69 899/228/69 898/229/69
f 898/229/70 899/228/70 901/230/70 900/231/70
f 900/231/71 901/230/71 903/232/71 902/149/71
f 902/149/72 903/232/72 905/233/72 904/234/72
f 904/234/73 905/233/73 907/235/73 906/236/73
f 906/236/74 907/235/74 909/237/74 908/238/74
f 908/238/75 909/237/75 911/239/75 910/8/75
f 910/8/76 911/239/76 913/240/76 912/241/76
f 912/241/77 913/240/77 915/242/77 914/243/77
f 914/243/78 915/242/78 917/244/78 916/245/78
f 916/245/79 917/244/79 919/145/79 918/19/79
f 918/19/80 919/145/80 921/246/80 920/247/80
f 920/247/81 921/246/81 923/248/81 922/249/81
f 922/249/82 923/248/82 925/250/82 924/251/82
f 924/251/83 925/250/83 927/252/83 926/253/83
f 926/253/84 927/252/84 929/254/84 928/255/84
f 928/255/85 929/254/85 931/256/85 930/257/85
f 930/257/86 931/256/86 933/258/86 932/259/86
f 932/259/87 933/258/87 935/146/87 934/2/87
f 934/2/88 935/146/88 937/260/88 936/261/88
f 936/261/89 937/260/89 939/262/89 938/263/89
f 938/263/90 939/262/90 941/264/90 940/265/90
f 940/265/91 941/264/91 943/266/91 942/3/91
f 942/3/92 943/266/92 945/267/92 944/268/92
f 944/268/93 945/267/93 947/269/93 946/270/93
f 946/270/94 947/269/94 949/271/94 948/272/94
f 948/272/95 949/271/95 951/273/95 950/147/95
f 950/147/96 951/273/96 953/274/96 952/275/96
f 952/275/97 953/274/97 955/276/97 954/277/97
f 954/277/98 955/276/98 957/310/98 956/311/98
f 956/311/99 957/310/99 895/312/99 894/313/99
f 894/107/1 896/665/1 898/666/1 900/667/1 902/668/1 904/669/1 906/670/1 908/671/1 910/98/1 912/672/1 914/673/1 916/674/1 918/675/1 920/676/1 922/677/1 924/678/1 926/104/1 928/679/1 930/680/1 932/681/1 934/682/1 936/683/1 938/684/1 940/685/1 942/335/1 944/686/1 946/687/1 948/688/1 950/689/1 952/690/1 954/691/1 956/692/1
f 958/64/68 959/225/68 961/226/68 960/227/68
f 960/227/69 961/226/69 963/228/69 962/229/69
f 962/229/70 963/228/70 965/230/70 964/231/70
f 964/231/71 965/230/71 967/232/71 966/149/71
f 966/149/72 967/232/72 969/233/72 968/234/72
f 968/234/73 969/233/73 971/235/73 970/236/73
f 970/236/74 971/235/74 973/237/74 972/238/74
f 972/238/75 973/237/75 975/239/75 974/8/75
f 974/8/76 975/239/76 977/240/76 976/241/76
f 976/241/77 977/240/77 979/242/77 978/243/77
f 978/243/78 979/242/78 981/244/78 980/245/78
f 980/245/79 981/244/79 983/145/79 982/19/79
f 982/19/80 983/145/80 985/246/80 984/247/80
f 984/247/81 985/246/81 987/248/81 986/249/81
f 986/249/82 987/248/82 989/250/82 988/251/82
f 988/251/83 989/250/83 991/252/83 990/253/83
f 990/253/84 991/252/84 993/254/84 992/255/84
f 992/255/85 993/254/85 995/256/85 994/257/85
f 994/257/86 995/256/86 997/258/86 996/259/86
f 996/259/87 997/258/87 999/146/87 998/2/87
f 998/2/88 999/146/88 1001/260/88 1000/261/88
f 1000/261/89 1001/260/89 1003/262/89 1002/263/89
f 1002/263/90 1003/262/90 1005/264/90 1004/265/90
f 1004/265/91 1005/264/91 1007/266/91 1006/3/91
f 1006/3/92 1007/266/92 1009/267/92 1008/268/92
f 1008/268/93 1009/267/93 1011/269/93 1010/270/93
f 1010/270/94 1011/269/94 1013/271/94 1012/272/94
f 1012/272/95 1013/271/95 1015/273/95 1014/147/95
f 1014/147/96 1015/273/96 1017/274/96 1016/275/96
f 1016/275/97 1017/274/97 1019/276/97 1018/277/97
f 1018/277/98 1019/276/98 1021/310/98 1020/311/98
f 1020/311/99 1021/310/99 959/312/99 958/313/99
f 958/107/1 960/665/1 962/666/1 964/667/1 966/668/1 968/669/1 970/670/1 972/671/1 974/98/1 976/672/1 978/673/1 980/674/1 982/675/1 984/676/1 986/677/1 988/678/1 990/104/1 992/679/1 994/680/1 996/681/1 998/682/1 1000/683/1 1002/684/1 1004/685/1 1006/335/1 1008/686/1 1010/687/1 1012/688/1 1014/689/1 1016/690/1 1018/691/1 1020/692/1
f 1029/147/68 1028/273/68 1026/274/68 1027/275/68
f 1031/272/99 1030/271/99 1028/273/99 1029/147/99
f 1033/270/98 1032/269/98 1030/271/98 1031/272/98
f 1035/268/97 1034/267/97 1032/269/97 1033/270/97
f 1037/3/96 1036/266/96 1034/267/96 1035/268/96
f 1039/265/95 1038/264/95 1036/266/95 1037/3/95
f 1041/263/94 1040/262/94 1038/264/94 1039/265/94
f 1043/261/93 1042/260/93 1040/262/93 1041/263/93
f 1045/2/92 1044/146/92 1042/260/92 1043/261/92
f 1047/259/91 1046/258/91 1044/146/91 1045/2/91
f 1049/257/90 1048/256/90 1046/258/90 1047/259/90
f 1051/255/89 1050/254/89 1048/256/89 1049/257/89
f 1053/253/88 1052/252/88 1050/254/88 1051/255/88
f 1055/251/87 1054/250/87 1052/252/87 1053/253/87
f 1057/249/86 1056/248/86 1054/250/86 1055/251/86
f 1059/247/85 1058/246/85 1056/248/85 1057/249/85
f 1061/19/84 1060/145/84 1058/246/84 1059/247/84
f 1063/245/83 1062/244/83 1060/145/83 1061/19/83
f 1065/243/82 1064/242/82 1062/244/82 1063/245/82
f 1067/241/81 1066/240/81 1064/242/81 1065/243/81
f 1069/8/80 1068/239/80 1066/240/80 1067/241/80
f 1071/238/79 1070/237/79 1068/239/79 1069/8/79
f 1073/236/78 1072/235/78 1070/237/78 1071/238/78
f 1075/234/77 1074/233/77 1072/235/77 1073/236/77
f 1077/149/76 1076/232/76 1074/233/76 1075/234/76
f 1079/231/75 1078/230/75 1076/232/75 1077/149/75
f 1081/229/74 1080/228/74 1078/230/74 1079/231/74
f 1083/227/73 1082/226/73 1080/228/73 1081/229/73
f 1085/64/72 1084/225/72 1082/226/72 1083/227/72
f 1087/311/71 1086/310/71 1148/312/71 1149/313/71
f 1089/277/70 1088/276/70 1086/310/70 1087/311/70
f 1091/275/69 1090/274/69 1088/276/69 1089/277/69
f 1093/147/68 1092/273/68 1090/274/68 1091/275/68
f 1095/272/99 1094/271/99 1092/273/99 1093/147/99
f 1097/270/98 1096/269/98 1094/271/98 1095/272/98
f 1099/268/97 1098/267/97 1096/269/97 1097/270/97
f 1101/3/96 1100/266/96 1098/267/96 1099/268/96
f 1103/265/95 1102/264/95 1100/266/95 1101/3/95
f 1105/263/94 1104/262/94 1102/264/94 1103/265/94
f 1107/261/93 1106/260/93 1104/262/93 1105/263/93
f 1109/2/92 1108/146/92 1106/260/92 1107/261/92
f 1111/259/91 1110/258/91 1108/146/91 1109/2/91
f 1113/257/90 1112/256/90 1110/258/90 1111/259/90
f 1115/255/89 1114/254/89 1112/256/89 1113/257/89
f 1117/253/88 1116/252/88 1114/254/88 1115/255/88
f 1119/251/87 1118/250/87 1116/252/87 1117/253/87
f 1121/249/86 1120/248/86 1118/250/86 1119/251/86
f 1123/247/85 1122/246/85 1120/248/85 1121/249/85
f 1125/19/84 1124/145/84 1122/246/84 1123/247/84
f 1127/245/83 1126/244/83 1124/145/83 1125/19/83
f 1129/243/82 1128/242/82 1126/244/82 1127/245/82
f 1131/241/81 1130/240/81 1128/242/81 1129/243/81
f 1133/8/80 1132/239/80 1130/240/80 1131/241/80
f 1135/238/79 1134/237/79 1132/239/79 1133/8/79
f 1137/236/78 1136/235/78 1134/237/78 1135/238/78
f 1139/234/77 1138/233/77 1136/235/77 1137/236/77
f 1141/149/76 1140/232/76 1138/233/76 1139/234/76
f 1143/231/75 1142/230/75 1140/232/75 1141/149/75
f 1145/229/74 1144/228/74 1142/230/74 1143/231/74
f 1147/227/73 1146/226/73 1144/228/73 1145/229/73
f 1149/64/72 1148/225/72 1146/226/72 1147/227/72
f 1027/275/69 1026/274/69 1024/276/69 1025/277/69
f 1025/277/70 1024/276/70 1022/310/70 1023/311/70
f 1023/311/71 1022/310/71 1084/312/71 1085/313/71
f 1085/107/1 1083/665/1 1081/666/1 1079/667/1 1077/668/1 1075/669/1 1073/670/1 1071/671/1 1069/98/1 1067/672/1 1065/673/1 1063/674/1 1061/675/1 1059/676/1 1057/677/1 1055/678/1 1053/104/1 1051/679/1 1049/680/1 1047/681/1 1045/682/1 1043/683/1 1041/684/1 1039/685/1 1037/335/1 1035/686/1 1033/687/1 1031/688/1 1029/689/1 1027/690/1 1025/691/1 1023/692/1
f 1365/147/92 1364/273/92 1362/274/92 1363/275/92
f 1367/272/91 1366/271/91 1364/273/91 1365/147/91
f 1369/270/90 1368/269/90 1366/271/90 1367/272/90
f 1371/268/89 1370/267/89 1368/269/89 1369/270/89
f 1373/3/88 1372/266/88 1370/267/88 1371/268/88
f 1375/265/87 1374/264/87 1372/266/87 1373/3/87
f 1377/263/86 1376/262/86 1374/264/86 1375/265/86
f 1379/261/85 1378/260/85 1376/262/85 1377/263/85
f 1381/2/84 1380/146/84 1378/260/84 1379/261/84
f 1383/259/83 1382/258/83 1380/146/83 1381/2/83
f 1385/257/82 1384/256/82 1382/258/82 1383/259/82
f 1387/255/81 1386/254/81 1384/256/81 1385/257/81
f 1389/253/80 1388/252/80 1386/254/80 1387/255/80
f 1391/251/79 1390/250/79 1388/252/79 1389/253/79
f 1393/249/78 1392/248/78 1390/250/78 1391/251/78
f 1395/247/77 1394/246/77 1392/248/77 1393/249/77
f 1397/19/76 1396/145/76 1394/246/76 1395/247/76
f 1399/245/75 1398/244/75 1396/145/75 1397/19/75
f 1401/243/74 1400/242/74 1398/244/74 1399/245/74
f 1403/241/73 1402/240/73 1400/242/73 1401/243/73
f 1405/8/72 1404/239/72 1402/240/72 1403/241/72
f 1407/238/71 1406/237/71 1404/239/71 1405/8/71
f 1409/236/70 1408/235/70 1406/237/70 1407/238/70
f 1411/234/69 1410/233/69 1408/235/69 1409/236/69
f 1413/149/68 1412/232/68 1410/233/68 1411/234/68
f 1415/231/99 1414/230/99 1412/232/99 1413/149/99
f 1417/229/98 1416/228/98 1414/230/98 1415/231/98
f 1419/227/97 1418/226/97 1416/228/97 1417/229/97
f 1421/64/96 1420/225/96 1418/226/96 1419/227/96
f 1423/311/95 1422/310/95 1484/312/95 1485/313/95
f 1425/277/94 1424/276/94 1422/310/94 1423/311/94
f 1427/275/93 1426/274/93 1424/276/93 1425/277/93
f 1429/147/92 1428/273/92 1426/274/92 1427/275/92
f 1431/272/91 1430/271/91 1428/273/91 1429/147/91
f 1433/270/90 1432/269/90 1430/271/90 1431/272/90
f 1435/268/89 1434/267/89 1432/269/89 1433/270/89
f 1437/3/88 1436/266/88 1434/267/88 1435/268/88
f 1439/265/87 1438/264/87 1436/266/87 1437/3/87
f 1441/263/86 1440/262/86 1438/264/86 1439/265/86
f 1443/261/85 1442/260/85 1440/262/85 1441/263/85
f 1445/2/84 1444/146/84 1442/260/84 1443/261/84
f 1447/259/83 1446/258/83 1444/146/83 1445/2/83
f 1449/257/82 1448/256/82 1446/258/82 1447/259/82
f 1451/255/81 1450/254/81 1448/256/81 1449/257/81
f 1453/253/80 1452/252/80 1450/254/80 1451/255/80
f 1455/251/79 1454/250/79 1452/252/79 1453/253/79
f 1457/249/78 1456/248/78 1454/250/78 1455/251/78
f 1459/247/77 1458/246/77 1456/248/77 1457/249/77
f 1461/19/76 1460/145/76 1458/246/76 1459/247/76
f 1463/245/75 1462/244/75 1460/145/75 1461/19/75
f 1465/243/74 1464/242/74 1462/244/74 1463/245/74
f 1467/241/73 1466/240/73 1464/242/73 1465/243/73
f 1469/8/72 1468/239/72 1466/240/72 1467/241/72
f 1471/238/71 1470/237/71 1468/239/71 1469/8/71
f 1473/236/70 1472/235/70 1470/237/70 1471/238/70
f 1475/234/69 1474/233/69 1472/235/69 1473/236/69
f 1477/149/68 1476/232/68 1474/233/68 1475/234/68
f 1479/231/99 1478/230/99 1476/232/99 1477/149/99
f 1481/229/98 1480/228/98 1478/230/98 1479/231/98
f 1483/227/97 1482/226/97 1480/228/97 1481/229/97
f 1485/64/96 1484/225/96 1482/226/96 1483/227/96
f 1363/275/93 1362/274/93 1360/276/93 1361/277/93
f 1361/277/94 1360/276/94 1358/310/94 1359/311/94
f 1359/311/95 1358/310/95 1420/312/95 1421/313/95
f 1421/107/1 1419/665/1 1417/666/1 1415/667/1 1413/668/1 1411/669/1 1409/670/1 1407/671/1 1405/98/1 1403/672/1 1401/673/1 1399/674/1 1397/675/1 1395/676/1 1393/677/1 1391/678/1 1389/104/1 1387/679/1 1385/680/1 1383/681/1 1381/682/1 1379/683/1 1377/684/1 1375/685/1 1373/335/1 1371/686/1 1369/687/1 1367/688/1 1365/689/1 1363/690/1 1361/691/1 1359/692/1
usemtl Blue
f 660/13/2 18/14/2 4/15/2 663/16/2
f 665/53/2 15/54/2 18/14/2 660/13/2
f 85/54/2 15/54/2 758/56/2 757/57/2
f 620/58/6 619/59/6 24/54/6 608/60/6
f 86/54/2 24/54/2 619/59/2 622/61/2 18/14/2 15/54/2 85/54/2 88/62/2 87/63/2
f 86/54/21 87/63/21 97/63/21 96/54/21
f 89/134/22 90/135/22 100/135/22 99/134/22
f 92/137/5 93/138/5 103/138/5 102/137/5
f 90/135/21 86/54/21 96/54/21 100/135/21
f 87/63/23 88/62/23 98/62/23 97/63/23
f 572/140/1 94/141/1 104/141/1 571/140/1
f 85/54/24 757/57/24 756/142/24 91/136/24 101/136/24 95/54/24
f 88/62/24 85/54/24 95/54/24 98/62/24
f 94/141/25 89/134/25 99/134/25 104/141/25
f 664/13/28 666/16/28 256/15/28 262/14/28
f 314/349/28 313/45/28 260/46/28 678/350/28 784/351/28 760/352/28 661/53/28 261/54/28 746/353/28 750/354/28 753/355/28 319/356/28 318/357/28 317/358/28 316/359/28 315/360/28
f 661/53/28 664/13/28 262/14/28 261/54/28
f 330/135/28 326/54/28 265/54/28 264/20/28 259/20/28 749/364/28 748/365/28 331/136/28 332/137/28 570/137/28 333/138/28 334/141/28 329/134/28
f 594/366/6 581/367/6 265/54/6 593/368/6
f 325/54/28 261/54/28 262/14/28 598/61/28 593/368/28 265/54/28 326/54/28 327/63/28 328/62/28
f 326/54/21 336/54/21 337/63/21 327/63/21
f 329/134/22 339/134/22 340/135/22 330/135/22
f 570/137/5 569/137/5 343/138/5 333/138/5
f 330/135/21 340/135/21 336/54/21 326/54/21
f 327/63/23 337/63/23 338/62/23 328/62/23
f 333/138/1 343/138/1 344/141/1 334/141/1
f 325/54/24 335/54/24 341/136/24 331/136/24 748/365/24 752/370/24 751/371/24
f 328/62/24 338/62/24 335/54/24 325/54/24
f 334/141/25 344/141/25 339/134/25 329/134/25
f 331/136/26 341/136/26 342/137/26 332/137/26
f 93/138/1 567/139/1 568/139/1 103/138/1
f 332/137/5 342/137/5 569/137/5 570/137/5
f 567/139/1 572/140/1 571/140/1 568/139/1
f 692/518/6 690/519/6 581/367/6 594/366/6
f 264/20/4 265/54/4 581/367/4 578/520/4
f 262/14/4 256/15/4 576/523/4 575/524/4
f 666/16/5 667/525/5 576/526/5 256/15/5
f 735/535/4 738/536/4 591/537/4 588/8/4
f 732/538/4 733/539/4 586/540/4 585/541/4
f 744/542/5 668/34/5 586/35/5 733/543/5
f 721/544/100 621/52/100 632/52/100 723/544/100
f 596/545/6 594/366/6 593/368/6 598/61/6
f 575/524/6 596/545/6 598/61/6 262/14/6
f 684/546/6 693/547/6 596/545/6 575/524/6
f 708/548/6 620/58/6 608/60/6 707/549/6
f 23/20/4 607/550/4 608/60/4 24/54/4
f 18/14/4 600/552/4 603/553/4 4/15/4
f 663/16/5 4/15/5 603/554/5 669/555/5
f 729/561/4 618/8/4 615/537/4 720/562/4
f 715/563/4 610/541/4 612/540/4 717/564/4
f 725/565/5 717/566/5 612/35/5 670/34/5
f 741/567/101 597/55/101 628/55/101 743/567/101
f 623/568/6 622/61/6 619/59/6 620/58/6
f 600/552/6 18/14/6 622/61/6 623/568/6
f 702/569/6 600/552/6 623/568/6 709/570/6
f 623/568/28 620/58/28 630/58/28 629/568/28
f 594/366/2 596/545/2 627/545/2 626/366/2
f 692/518/100 594/366/100 626/366/100 694/571/100
f 709/570/101 623/568/101 629/568/101 711/570/101
f 773/572/5 725/565/5 670/34/5 770/573/5
f 766/574/5 663/16/5 669/555/5 769/575/5
f 774/576/5 763/573/5 668/34/5 744/542/5
f 768/577/5 762/578/5 667/525/5 666/16/5
f 760/352/28 767/579/28 664/13/28 661/53/28
f 767/579/28 768/577/28 666/16/28 664/13/28
f 761/581/2 665/53/2 660/13/2 764/579/2
f 764/579/2 660/13/2 663/16/2 766/574/2
f 21/10/2 671/582/2 673/583/2 5/11/2
f 14/46/2 679/350/2 671/582/2 21/10/2
f 263/10/28 257/11/28 675/583/28 674/582/28
f 260/46/28 263/10/28 674/582/28 678/350/28
f 257/11/5 574/589/5 680/590/5 675/583/5
f 731/591/5 584/587/5 681/588/5 745/592/5
f 5/11/5 673/583/5 676/593/5 604/594/5
f 718/595/5 726/596/5 677/585/5 613/584/5
f 574/589/5 683/597/5 697/598/5 680/590/5
f 762/578/5 771/599/5 696/600/5 667/525/5
f 740/601/100 692/518/100 694/571/100 742/602/100
f 596/545/101 693/547/101 695/547/101 627/545/101
f 732/538/6 741/567/6 693/547/6 684/546/6
f 667/525/5 696/600/5 685/604/5 576/526/5
f 575/524/4 576/523/4 685/605/4 684/546/4
f 578/520/4 581/367/4 690/519/4 687/606/4
f 740/601/6 738/536/6 690/519/6 692/518/6
f 604/594/5 676/593/5 713/611/5 705/612/5
f 769/575/5 669/555/5 712/613/5 772/614/5
f 722/615/101 709/570/101 711/570/101 724/616/101
f 715/563/6 702/569/6 709/570/6 722/615/6
f 669/555/5 603/554/5 704/618/5 712/613/5
f 600/552/4 702/569/4 704/619/4 603/553/4
f 607/550/4 700/617/4 707/549/4 608/60/4
f 721/544/6 708/548/6 707/549/6 720/562/6
f 620/58/100 708/548/100 710/548/100 630/58/100
f 621/52/6 721/544/6 720/562/6 615/537/6
f 610/541/6 715/563/6 722/615/6 624/55/6
f 624/55/101 722/615/101 724/616/101 631/55/101
f 705/612/5 713/611/5 726/596/5 718/595/5
f 712/613/5 704/618/5 717/566/5 725/565/5
f 702/569/4 715/563/4 717/564/4 704/619/4
f 700/617/4 729/561/4 720/562/4 707/549/4
f 708/548/100 721/544/100 723/544/100 710/548/100
f 595/52/6 591/537/6 738/536/6 740/601/6
f 585/541/6 597/55/6 741/567/6 732/538/6
f 595/52/100 740/601/100 742/602/100 625/52/100
f 683/597/5 731/591/5 745/592/5 697/598/5
f 693/547/101 741/567/101 743/567/101 695/547/101
f 696/600/5 744/542/5 733/543/5 685/604/5
f 684/546/4 685/605/4 733/539/4 732/538/4
f 687/606/4 690/519/4 738/536/4 735/535/4
f 751/371/28 750/354/28 746/353/28 261/54/28 325/54/28
f 322/37/28 749/364/28 259/20/28 747/348/28
f 82/37/2 754/21/2 9/20/2 755/624/2
f 756/142/2 755/624/2 9/20/2 23/20/2 24/54/2 86/54/2 90/135/2 89/134/2 94/141/2 572/140/2 567/139/2 93/138/2 92/137/2 91/136/2
f 759/625/2 758/56/2 15/54/2 665/53/2 761/581/2 785/351/2 679/350/2 14/46/2 73/45/2 74/349/2 75/360/2 76/359/2 77/358/2 78/357/2 79/356/2
f 780/630/5 769/575/5 772/614/5 782/628/5
f 786/631/5 788/626/5 771/599/5 762/578/5
f 775/632/2 764/579/2 766/574/2 777/633/2
f 785/351/2 761/581/2 764/579/2 775/632/2
f 778/632/28 779/633/28 768/577/28 767/579/28
f 784/351/28 778/632/28 767/579/28 760/352/28
f 779/633/5 786/631/5 762/578/5 768/577/5
f 789/627/5 787/636/5 763/573/5 774/576/5
f 777/633/5 766/574/5 769/575/5 780/630/5
f 783/629/5 773/572/5 770/573/5 781/634/5
f 726/596/5 783/629/5 781/634/5 677/585/5
f 673/583/5 777/633/5 780/630/5 676/593/5
f 745/592/5 681/588/5 787/636/5 789/627/5
f 675/583/5 680/590/5 786/631/5 779/633/5
f 678/350/28 674/582/28 778/632/28 784/351/28
f 674/582/28 675/583/28 779/633/28 778/632/28
f 679/350/2 785/351/2 775/632/2 671/582/2
f 671/582/2 775/632/2 777/633/2 673/583/2
f 680/590/5 697/598/5 788/626/5 786/631/5
f 676/593/5 780/630/5 782/628/5 713/611/5
f 830/64/68 831/225/68 833/226/68 832/227/68
f 832/227/69 833/226/69 835/228/69 834/229/69
f 834/229/70 835/228/70 837/230/70 836/231/70
f 836/231/71 837/230/71 839/232/71 838/149/71
f 838/149/72 839/232/72 841/233/72 840/234/72
f 840/234/73 841/233/73 843/235/73 842/236/73
f 842/236/74 843/235/74 845/237/74 844/238/74
f 844/238/75 845/237/75 847/239/75 846/8/75
f 846/8/76 847/239/76 849/240/76 848/241/76
f 848/241/77 849/240/77 851/242/77 850/243/77
f 850/243/78 851/242/78 853/244/78 852/245/78
f 852/245/79 853/244/79 855/145/79 854/19/79
f 854/19/80 855/145/80 857/246/80 856/247/80
f 856/247/81 857/246/81 859/248/81 858/249/81
f 858/249/82 859/248/82 861/250/82 860/251/82
f 860/251/83 861/250/83 863/252/83 862/253/83
f 862/253/84 863/252/84 865/254/84 864/255/84
f 864/255/85 865/254/85 867/256/85 866/257/85
f 866/257/86 867/256/86 869/258/86 868/259/86
f 868/259/87 869/258/87 871/146/87 870/2/87
f 870/2/88 871/146/88 873/260/88 872/261/88
f 872/261/89 873/260/89 875/262/89 874/263/89
f 874/263/90 875/262/90 877/264/90 876/265/90
f 876/265/91 877/264/91 879/266/91 878/3/91
f 878/3/92 879/266/92 881/267/92 880/268/92
f 880/268/93 881/267/93 883/269/93 882/270/93
f 882/270/94 883/269/94 885/271/94 884/272/94
f 884/272/95 885/271/95 887/273/95 886/147/95
f 886/147/96 887/273/96 889/274/96 888/275/96
f 888/275/97 889/274/97 891/276/97 890/277/97
f 833/637/4 831/304/4 893/638/4 891/639/4 889/640/4 887/641/4 885/642/4 883/643/4 881/644/4 879/280/4 877/645/4 875/646/4 873/647/4 871/648/4 869/649/4 867/650/4 865/651/4 863/288/4 861/652/4 859/653/4 857/654/4 855/655/4 853/656/4 851/657/4 849/658/4 847/296/4 845/659/4 843/660/4 841/661/4 839/662/4 837/663/4 835/664/4
f 890/277/98 891/276/98 893/310/98 892/311/98
f 892/311/99 893/310/99 831/312/99 830/313/99
f 1151/311/71 1150/310/71 1212/312/71 1213/313/71
f 1153/277/70 1152/276/70 1150/310/70 1151/311/70
f 1210/637/4 1212/304/4 1150/638/4 1152/639/4 1154/640/4 1156/641/4 1158/642/4 1160/643/4 1162/644/4 1164/280/4 1166/645/4 1168/646/4 1170/647/4 1172/648/4 1174/649/4 1176/650/4 1178/651/4 1180/288/4 1182/652/4 1184/653/4 1186/654/4 1188/655/4 1190/656/4 1192/657/4 1194/658/4 1196/296/4 1198/659/4 1200/660/4 1202/661/4 1204/662/4 1206/663/4 1208/664/4
f 1155/275/69 1154/274/69 1152/276/69 1153/277/69
f 1157/147/68 1156/273/68 1154/274/68 1155/275/68
f 1159/272/99 1158/271/99 1156/273/99 1157/147/99
f 1161/270/98 1160/269/98 1158/271/98 1159/272/98
f 1163/268/97 1162/267/97 1160/269/97 1161/270/97
f 1165/3/96 1164/266/96 1162/267/96 1163/268/96
f 1167/265/95 1166/264/95 1164/266/95 1165/3/95
f 1169/263/94 1168/262/94 1166/264/94 1167/265/94
f 1171/261/93 1170/260/93 1168/262/93 1169/263/93
f 1173/2/102 1172/146/102 1170/260/102 1171/261/102
f 1175/259/91 1174/258/91 1172/146/91 1173/2/91
f 1177/257/90 1176/256/90 1174/258/90 1175/259/90
f 1179/255/89 1178/254/89 1176/256/89 1177/257/89
f 1181/253/88 1180/252/88 1178/254/88 1179/255/88
f 1183/251/87 1182/250/87 1180/252/87 1181/253/87
f 1185/249/86 1184/248/86 1182/250/86 1183/251/86
f 1187/247/85 1186/246/85 1184/248/85 1185/249/85
f 1189/19/84 1188/145/84 1186/246/84 1187/247/84
f 1191/245/83 1190/244/83 1188/145/83 1189/19/83
f 1193/243/82 1192/242/82 1190/244/82 1191/245/82
f 1195/241/81 1194/240/81 1192/242/81 1193/243/81
f 1197/8/80 1196/239/80 1194/240/80 1195/241/80
f 1199/238/79 1198/237/79 1196/239/79 1197/8/79
f 1201/236/78 1200/235/78 1198/237/78 1199/238/78
f 1203/234/77 1202/233/77 1200/235/77 1201/236/77
f 1205/149/76 1204/232/76 1202/233/76 1203/234/76
f 1207/231/75 1206/230/75 1204/232/75 1205/149/75
f 1209/229/74 1208/228/74 1206/230/74 1207/231/74
f 1211/227/73 1210/226/73 1208/228/73 1209/229/73
f 1213/64/72 1212/225/72 1210/226/72 1211/227/72
f 1487/311/95 1486/310/95 1548/312/95 1549/313/95
f 1489/277/94 1488/276/94 1486/310/94 1487/311/94
f 1546/637/4 1548/304/4 1486/638/4 1488/639/4 1490/640/4 1492/641/4 1494/642/4 1496/643/4 1498/644/4 1500/280/4 1502/645/4 1504/646/4 1506/647/4 1508/648/4 1510/649/4 1512/650/4 1514/651/4 1516/288/4 1518/652/4 1520/653/4 1522/654/4 1524/655/4 1526/656/4 1528/657/4 1530/658/4 1532/296/4 1534/659/4 1536/660/4 1538/661/4 1540/662/4 1542/663/4 1544/664/4
f 1491/275/93 1490/274/93 1488/276/93 1489/277/93
f 1493/147/92 1492/273/92 1490/274/92 1491/275/92
f 1495/272/91 1494/271/91 1492/273/91 1493/147/91
f 1497/270/90 1496/269/90 1494/271/90 1495/272/90
f 1499/268/89 1498/267/89 1496/269/89 1497/270/89
f 1501/3/88 1500/266/88 1498/267/88 1499/268/88
f 1503/265/87 1502/264/87 1500/266/87 1501/3/87
f 1505/263/86 1504/262/86 1502/264/86 1503/265/86
f 1507/261/85 1506/260/85 1504/262/85 1505/263/85
f 1509/2/84 1508/146/84 1506/260/84 1507/261/84
f 1511/259/83 1510/258/83 1508/146/83 1509/2/83
f 1513/257/82 1512/256/82 1510/258/82 1511/259/82
f 1515/255/81 1514/254/81 1512/256/81 1513/257/81
f 1517/253/80 1516/252/80 1514/254/80 1515/255/80
f 1519/251/79 1518/250/79 1516/252/79 1517/253/79
f 1521/249/78 1520/248/78 1518/250/78 1519/251/78
f 1523/247/77 1522/246/77 1520/248/77 1521/249/77
f 1525/19/76 1524/145/76 1522/246/76 1523/247/76
f 1527/245/75 1526/244/75 1524/145/75 1525/19/75
f 1529/243/74 1528/242/74 1526/244/74 1527/245/74
f 1531/241/73 1530/240/73 1528/242/73 1529/243/73
f 1533/8/72 1532/239/72 1530/240/72 1531/241/72
f 1535/238/71 1534/237/71 1532/239/71 1533/8/71
f 1537/236/70 1536/235/70 1534/237/70 1535/238/70
f 1539/234/69 1538/233/69 1536/235/69 1537/236/69
f 1541/149/68 1540/232/68 1538/233/68 1539/234/68
f 1543/231/99 1542/230/99 1540/232/99 1541/149/99
f 1545/229/98 1544/228/98 1542/230/98 1543/231/98
f 1547/227/97 1546/226/97 1544/228/97 1545/229/97
f 1549/64/96 1548/225/96 1546/226/96 1547/227/96
l 639 637
l 634 638
l 640 634
l 637 641
l 642 635
l 636 643
